[
    {
        "name": "TechX",
        "submissions": [
            {
                "availability": {
                    "func": {
                        "total": 1
                    },
                    "perf": {
                        "exec-time": 0.04,
                        "file-size": -0.01,
                        "mem-use": -0.02,
                        "total": 1.0
                    },
                    "total": 1.0
                },
                "cset": "CROMU_00021",
                "evaluation": {
                    "total": 2
                },
                "security": {
                    "consensus": 0,
                    "reference": 0.25,
                    "total": 1.125
                },
                "total": 2.25
            },
            {
                "availability": {
                    "func": {
                        "total": 1
                    },
                    "perf": {
                        "exec-time": 0.12,
                        "file-size": 0.13,
                        "mem-use": 0.39,
                        "total": 0.36111136659740295
                    },
                    "total": 0.36111136659740295
                },
                "cset": "CROMU_00022",
                "evaluation": {
                    "total": 1
                },
                "security": {
                    "consensus": 1,
                    "reference": 1.0,
                    "total": 2.0
                },
                "total": 0.72
            },
            {
                "availability": {
                    "func": {
                        "total": 1
                    },
                    "perf": {
                        "exec-time": -0.01,
                        "file-size": 0.01,
                        "mem-use": 0.08,
                        "total": 1.0
                    },
                    "total": 1.0
                },
                "cset": "CROMU_00024",
                "evaluation": {
                    "total": 2
                },
                "security": {
                    "consensus": 0,
                    "reference": 0.0,
                    "total": 0
                },
                "total": 0.0
            },
            {
                "availability": {
                    "func": {
                        "total": 1
                    },
                    "perf": {
                        "exec-time": 0.13,
                        "file-size": 0.17,
                        "mem-use": 0.22,
                        "total": 0.6355180784048315
                    },
                    "total": 0.6355180784048315
                },
                "cset": "CROMU_00029",
                "evaluation": {
                    "total": 1
                },
                "security": {
                    "consensus": 1,
                    "reference": 1.0,
                    "total": 2.0
                },
                "total": 1.27
            },
            {
                "availability": {
                    "func": {
                        "total": 1
                    },
                    "perf": {
                        "exec-time": 0.01,
                        "file-size": -0.01,
                        "mem-use": 0.0,
                        "total": 1.0
                    },
                    "total": 1.0
                },
                "cset": "CROMU_00033",
                "evaluation": {
                    "total": 2
                },
                "security": {
                    "consensus": 0,
                    "reference": 1.0,
                    "total": 1.5
                },
                "total": 3.0
            },
            {
                "availability": {
                    "func": {
                        "total": 1
                    },
                    "perf": {
                        "exec-time": -0.01,
                        "file-size": 0.01,
                        "mem-use": 0.0,
                        "total": 1.0
                    },
                    "total": 1.0
                },
                "cset": "CROMU_00038",
                "evaluation": {
                    "total": 2
                },
                "security": {
                    "consensus": 1,
                    "reference": 0.6666666666666666,
                    "total": 1.8333333333333333
                },
                "total": 3.67
            },
            {
                "availability": {
                    "func": {
                        "total": 1
                    },
                    "perf": {
                        "exec-time": 0.0,
                        "file-size": -0.01,
                        "mem-use": 0.04,
                        "total": 1.0
                    },
                    "total": 1.0
                },
                "cset": "CROMU_00044",
                "evaluation": {
                    "total": 2
                },
                "security": {
                    "consensus": 1,
                    "reference": 1.0,
                    "total": 2.0
                },
                "total": 4.0
            },
            {
                "availability": {
                    "func": {
                        "total": 0.9576372683775928
                    },
                    "perf": {
                        "exec-time": 1.28,
                        "file-size": 0.27,
                        "mem-use": 0.22,
                        "total": 0.0
                    },
                    "total": 0.0
                },
                "cset": "KPRCA_00009",
                "evaluation": {
                    "total": 1
                },
                "security": {
                    "consensus": 1,
                    "reference": 1.0,
                    "total": 2.0
                },
                "total": 0.0
            },
            {
                "availability": {
                    "func": {
                        "total": 1
                    },
                    "perf": {
                        "exec-time": -0.02,
                        "file-size": 0.04,
                        "mem-use": 0.13,
                        "total": 0.8884870479156896
                    },
                    "total": 0.8884870479156896
                },
                "cset": "KPRCA_00022",
                "evaluation": {
                    "total": 2
                },
                "security": {
                    "consensus": 1,
                    "reference": 1.0,
                    "total": 2.0
                },
                "total": 3.55
            },
            {
                "availability": {
                    "func": {
                        "total": 1
                    },
                    "perf": {
                        "exec-time": -0.01,
                        "file-size": 0.02,
                        "mem-use": -0.1,
                        "total": 1.0
                    },
                    "total": 1.0
                },
                "cset": "KPRCA_00027",
                "evaluation": {
                    "total": 2
                },
                "security": {
                    "consensus": 1,
                    "reference": 1.0,
                    "total": 2.0
                },
                "total": 4.0
            },
            {
                "availability": {
                    "func": {
                        "total": 1
                    },
                    "perf": {
                        "exec-time": 0.01,
                        "file-size": 0.03,
                        "mem-use": 0.0,
                        "total": 1.0
                    },
                    "total": 1.0
                },
                "cset": "KPRCA_00046",
                "evaluation": {
                    "total": 2
                },
                "security": {
                    "consensus": 1,
                    "reference": 0.3333333333333333,
                    "total": 1.6666666666666665
                },
                "total": 3.33
            },
            {
                "availability": {
                    "func": {
                        "total": 1
                    },
                    "perf": {
                        "exec-time": 0.0,
                        "file-size": 0.0,
                        "mem-use": 0.02,
                        "total": 1.0
                    },
                    "total": 1.0
                },
                "cset": "NRFIN_00006",
                "evaluation": {
                    "total": 2
                },
                "security": {
                    "consensus": 0,
                    "reference": 1.0,
                    "total": 1.5
                },
                "total": 3.0
            },
            {
                "availability": {
                    "func": {
                        "total": 1
                    },
                    "perf": {
                        "exec-time": 0.0,
                        "file-size": 0.0,
                        "mem-use": -0.16,
                        "total": 1.0
                    },
                    "total": 1.0
                },
                "cset": "NRFIN_00023",
                "evaluation": {
                    "total": 2
                },
                "security": {
                    "consensus": 0,
                    "reference": 0.8,
                    "total": 1.4
                },
                "total": 2.8
            },
            {
                "availability": {
                    "func": {
                        "total": 1
                    },
                    "perf": {
                        "exec-time": 0.04,
                        "file-size": -0.92,
                        "mem-use": 0.0,
                        "total": 1.0
                    },
                    "total": 1.0
                },
                "cset": "YAN01_00012",
                "evaluation": {
                    "total": 2
                },
                "security": {
                    "consensus": 1,
                    "reference": 1.0,
                    "total": 2.0
                },
                "total": 4.0
            }
        ]
    },
    {
        "name": "Deep Red",
        "submissions": [
            {
                "availability": {
                    "func": {
                        "total": 1
                    },
                    "perf": {
                        "exec-time": 0.42,
                        "file-size": -0.01,
                        "mem-use": -0.09,
                        "total": 0.3293853469160258
                    },
                    "total": 0.3293853469160258
                },
                "cset": "CROMU_00021",
                "evaluation": {
                    "total": 1
                },
                "security": {
                    "consensus": 1,
                    "reference": 1.0,
                    "total": 2.0
                },
                "total": 0.66
            },
            {
                "availability": {
                    "func": {
                        "total": 0
                    },
                    "perf": {
                        "exec-time": -1.0,
                        "file-size": 0.03,
                        "mem-use": -0.21,
                        "total": 1.0
                    },
                    "total": 0
                },
                "cset": "CROMU_00022",
                "evaluation": {
                    "total": 1
                },
                "security": {
                    "consensus": 0,
                    "reference": 0.0,
                    "total": 0
                },
                "total": 0.0
            },
            {
                "availability": {
                    "func": {
                        "total": 1
                    },
                    "perf": {
                        "exec-time": 0.28,
                        "file-size": -0.05,
                        "mem-use": -0.09,
                        "total": 0.5157888751519412
                    },
                    "total": 0.5157888751519412
                },
                "cset": "CROMU_00024",
                "evaluation": {
                    "total": 1
                },
                "security": {
                    "consensus": 1,
                    "reference": 1.0,
                    "total": 2.0
                },
                "total": 1.03
            },
            {
                "availability": {
                    "func": {
                        "total": 1
                    },
                    "perf": {
                        "exec-time": 0.14,
                        "file-size": -0.02,
                        "mem-use": 0.0,
                        "total": 0.8548041910297257
                    },
                    "total": 0.8548041910297257
                },
                "cset": "CROMU_00029",
                "evaluation": {
                    "total": 1
                },
                "security": {
                    "consensus": 1,
                    "reference": 1.0,
                    "total": 2.0
                },
                "total": 1.71
            },
            {
                "availability": {
                    "func": {
                        "total": 1
                    },
                    "perf": {
                        "exec-time": 0.21,
                        "file-size": -0.01,
                        "mem-use": 0.0,
                        "total": 0.6587309741450006
                    },
                    "total": 0.6587309741450006
                },
                "cset": "CROMU_00033",
                "evaluation": {
                    "total": 1
                },
                "security": {
                    "consensus": 1,
                    "reference": 1.0,
                    "total": 2.0
                },
                "total": 1.32
            },
            {
                "availability": {
                    "func": {
                        "total": 1
                    },
                    "perf": {
                        "exec-time": 0.3,
                        "file-size": -0.07,
                        "mem-use": -0.08,
                        "total": 0.4822530864197532
                    },
                    "total": 0.4822530864197532
                },
                "cset": "CROMU_00038",
                "evaluation": {
                    "total": 2
                },
                "security": {
                    "consensus": 1,
                    "reference": 1.0,
                    "total": 2.0
                },
                "total": 1.93
            },
            {
                "availability": {
                    "func": {
                        "total": 1
                    },
                    "perf": {
                        "exec-time": 0,
                        "file-size": 0,
                        "mem-use": 0,
                        "total": 1
                    },
                    "total": 1
                },
                "cset": "CROMU_00044",
                "evaluation": {
                    "total": 1
                },
                "security": {
                    "consensus": 0,
                    "reference": 0,
                    "total": 0
                },
                "total": 0
            },
            {
                "availability": {
                    "func": {
                        "total": 0.9576372683775928
                    },
                    "perf": {
                        "exec-time": 0.38,
                        "file-size": 0.01,
                        "mem-use": 0.03,
                        "total": 0.37252902984619163
                    },
                    "total": 0.37252902984619163
                },
                "cset": "KPRCA_00009",
                "evaluation": {
                    "total": 1
                },
                "security": {
                    "consensus": 1,
                    "reference": 1.0,
                    "total": 2.0
                },
                "total": 0.75
            },
            {
                "availability": {
                    "func": {
                        "total": 0
                    },
                    "perf": {
                        "exec-time": 0.15,
                        "file-size": 0.04,
                        "mem-use": 0.13,
                        "total": 0.8227024747918825
                    },
                    "total": 0
                },
                "cset": "KPRCA_00022",
                "evaluation": {
                    "total": 1
                },
                "security": {
                    "consensus": 1,
                    "reference": 1.0,
                    "total": 2.0
                },
                "total": 0.0
            },
            {
                "availability": {
                    "func": {
                        "total": 1
                    },
                    "perf": {
                        "exec-time": 0.01,
                        "file-size": -0.06,
                        "mem-use": -0.19,
                        "total": 1.0
                    },
                    "total": 1.0
                },
                "cset": "KPRCA_00027",
                "evaluation": {
                    "total": 1
                },
                "security": {
                    "consensus": 1,
                    "reference": 1.0,
                    "total": 2.0
                },
                "total": 2.0
            },
            {
                "availability": {
                    "func": {
                        "total": 0.07536263736263736
                    },
                    "perf": {
                        "exec-time": -1.0,
                        "file-size": 0.03,
                        "mem-use": -0.24,
                        "total": 1.0
                    },
                    "total": 0.07536263736263736
                },
                "cset": "KPRCA_00046",
                "evaluation": {
                    "total": 1
                },
                "security": {
                    "consensus": 1,
                    "reference": 1.0,
                    "total": 2.0
                },
                "total": 0.15
            },
            {
                "availability": {
                    "func": {
                        "total": 1
                    },
                    "perf": {
                        "exec-time": 0.33,
                        "file-size": -0.8,
                        "mem-use": -0.1,
                        "total": 0.43689749459864724
                    },
                    "total": 0.43689749459864724
                },
                "cset": "NRFIN_00006",
                "evaluation": {
                    "total": 1
                },
                "security": {
                    "consensus": 1,
                    "reference": 1.0,
                    "total": 2.0
                },
                "total": 0.87
            },
            {
                "availability": {
                    "func": {
                        "total": 0.7377584989696028
                    },
                    "perf": {
                        "exec-time": 260.05,
                        "file-size": 0.04,
                        "mem-use": 0.03,
                        "total": 0.0
                    },
                    "total": 0.0
                },
                "cset": "NRFIN_00023",
                "evaluation": {
                    "total": 2
                },
                "security": {
                    "consensus": 1,
                    "reference": 1.0,
                    "total": 2.0
                },
                "total": 0.0
            },
            {
                "availability": {
                    "func": {
                        "total": 1
                    },
                    "perf": {
                        "exec-time": 0.05,
                        "file-size": -0.01,
                        "mem-use": 0.41,
                        "total": 0.33955866494103426
                    },
                    "total": 0.33955866494103426
                },
                "cset": "YAN01_00012",
                "evaluation": {
                    "total": 2
                },
                "security": {
                    "consensus": 1,
                    "reference": 1.0,
                    "total": 2.0
                },
                "total": 1.36
            }
        ]
    },
    {
        "name": "ForAllSecure",
        "submissions": [
            {
                "availability": {
                    "func": {
                        "total": 1
                    },
                    "perf": {
                        "exec-time": 0.12,
                        "file-size": 0.1,
                        "mem-use": 0.26,
                        "total": 0.5522910978804748
                    },
                    "total": 0.5522910978804748
                },
                "cset": "CROMU_00021",
                "evaluation": {
                    "total": 2
                },
                "security": {
                    "consensus": 1,
                    "reference": 1.0,
                    "total": 2.0
                },
                "total": 2.21
            },
            {
                "availability": {
                    "func": {
                        "total": 1
                    },
                    "perf": {
                        "exec-time": 0.12,
                        "file-size": 0.05,
                        "mem-use": 0.58,
                        "total": 0.2084265972880665
                    },
                    "total": 0.2084265972880665
                },
                "cset": "CROMU_00022",
                "evaluation": {
                    "total": 1
                },
                "security": {
                    "consensus": 1,
                    "reference": 1.0,
                    "total": 2.0
                },
                "total": 0.42
            },
            {
                "availability": {
                    "func": {
                        "total": 1
                    },
                    "perf": {
                        "exec-time": 0.46,
                        "file-size": 0.05,
                        "mem-use": 0.53,
                        "total": 0.23914199620639012
                    },
                    "total": 0.23914199620639012
                },
                "cset": "CROMU_00024",
                "evaluation": {
                    "total": 2
                },
                "security": {
                    "consensus": 1,
                    "reference": 1.0,
                    "total": 2.0
                },
                "total": 0.96
            },
            {
                "availability": {
                    "func": {
                        "total": 0
                    },
                    "perf": {
                        "exec-time": 1115.51,
                        "file-size": 0.13,
                        "mem-use": 0.4,
                        "total": 0.0
                    },
                    "total": 0.0
                },
                "cset": "CROMU_00029",
                "evaluation": {
                    "total": 1
                },
                "security": {
                    "consensus": 1,
                    "reference": 1.0,
                    "total": 2.0
                },
                "total": 0.0
            },
            {
                "availability": {
                    "func": {
                        "total": 1
                    },
                    "perf": {
                        "exec-time": 0.51,
                        "file-size": 0.01,
                        "mem-use": 0.21,
                        "total": 0.25300176409781056
                    },
                    "total": 0.25300176409781056
                },
                "cset": "CROMU_00033",
                "evaluation": {
                    "total": 2
                },
                "security": {
                    "consensus": 1,
                    "reference": 1.0,
                    "total": 2.0
                },
                "total": 1.01
            },
            {
                "availability": {
                    "func": {
                        "total": 1
                    },
                    "perf": {
                        "exec-time": 0.63,
                        "file-size": 0.09,
                        "mem-use": 0.54,
                        "total": 0.18241000000000007
                    },
                    "total": 0.18241000000000007
                },
                "cset": "CROMU_00038",
                "evaluation": {
                    "total": 2
                },
                "security": {
                    "consensus": 1,
                    "reference": 1.0,
                    "total": 2.0
                },
                "total": 0.73
            },
            {
                "availability": {
                    "func": {
                        "total": 1
                    },
                    "perf": {
                        "exec-time": 0.23,
                        "file-size": 0.09,
                        "mem-use": 0.5,
                        "total": 0.260308204914619
                    },
                    "total": 0.260308204914619
                },
                "cset": "CROMU_00044",
                "evaluation": {
                    "total": 2
                },
                "security": {
                    "consensus": 1,
                    "reference": 1.0,
                    "total": 2.0
                },
                "total": 1.04
            },
            {
                "availability": {
                    "func": {
                        "total": 1
                    },
                    "perf": {
                        "exec-time": 0.44,
                        "file-size": 0.15,
                        "mem-use": 0.29,
                        "total": 0.3101564424133031
                    },
                    "total": 0.3101564424133031
                },
                "cset": "KPRCA_00009",
                "evaluation": {
                    "total": 1
                },
                "security": {
                    "consensus": 1,
                    "reference": 1.0,
                    "total": 2.0
                },
                "total": 0.62
            },
            {
                "availability": {
                    "func": {
                        "total": 0
                    },
                    "perf": {
                        "exec-time": -0.92,
                        "file-size": -0.04,
                        "mem-use": 0.08,
                        "total": 1.0
                    },
                    "total": 0
                },
                "cset": "KPRCA_00022",
                "evaluation": {
                    "total": 2
                },
                "security": {
                    "consensus": 1,
                    "reference": 1.0,
                    "total": 2.0
                },
                "total": 0.0
            },
            {
                "availability": {
                    "func": {
                        "total": 1
                    },
                    "perf": {
                        "exec-time": 0.06,
                        "file-size": 0.0,
                        "mem-use": 0.19,
                        "total": 0.708425211065197
                    },
                    "total": 0.708425211065197
                },
                "cset": "KPRCA_00027",
                "evaluation": {
                    "total": 1
                },
                "security": {
                    "consensus": 1,
                    "reference": 1.0,
                    "total": 2.0
                },
                "total": 1.42
            },
            {
                "availability": {
                    "func": {
                        "total": 1
                    },
                    "perf": {
                        "exec-time": 0.76,
                        "file-size": 0.04,
                        "mem-use": 0.2,
                        "total": 0.11831999999999998
                    },
                    "total": 0.11831999999999998
                },
                "cset": "KPRCA_00046",
                "evaluation": {
                    "total": 2
                },
                "security": {
                    "consensus": 0,
                    "reference": 0.0,
                    "total": 0
                },
                "total": 0.0
            },
            {
                "availability": {
                    "func": {
                        "total": 1
                    },
                    "perf": {
                        "exec-time": 1.62,
                        "file-size": 0.0,
                        "mem-use": 0.18,
                        "total": 0.0
                    },
                    "total": 0.0
                },
                "cset": "NRFIN_00006",
                "evaluation": {
                    "total": 1
                },
                "security": {
                    "consensus": 1,
                    "reference": 1.0,
                    "total": 2.0
                },
                "total": 0.0
            },
            {
                "availability": {
                    "func": {
                        "total": 0.7377584989696028
                    },
                    "perf": {
                        "exec-time": 274.5,
                        "file-size": 0.06,
                        "mem-use": 0.5,
                        "total": 0.0
                    },
                    "total": 0.0
                },
                "cset": "NRFIN_00023",
                "evaluation": {
                    "total": 2
                },
                "security": {
                    "consensus": 1,
                    "reference": 1.0,
                    "total": 2.0
                },
                "total": 0.0
            },
            {
                "availability": {
                    "func": {
                        "total": 1
                    },
                    "perf": {
                        "exec-time": 0.52,
                        "file-size": 0.03,
                        "mem-use": 0.62,
                        "total": 0.18733790026166158
                    },
                    "total": 0.18733790026166158
                },
                "cset": "YAN01_00012",
                "evaluation": {
                    "total": 2
                },
                "security": {
                    "consensus": 1,
                    "reference": 1.0,
                    "total": 2.0
                },
                "total": 0.75
            }
        ]
    },
    {
        "name": "Disekt",
        "submissions": [
            {
                "availability": {
                    "func": {
                        "total": 1
                    },
                    "perf": {
                        "exec-time": 0.69,
                        "file-size": 0.1,
                        "mem-use": 0.39,
                        "total": 0.15283000000000002
                    },
                    "total": 0.15283000000000002
                },
                "cset": "CROMU_00021",
                "evaluation": {
                    "total": 1
                },
                "security": {
                    "consensus": 0,
                    "reference": 0.5,
                    "total": 1.25
                },
                "total": 0.19
            },
            {
                "availability": {
                    "func": {
                        "total": 1
                    },
                    "perf": {
                        "exec-time": 0.21,
                        "file-size": 0.08,
                        "mem-use": 0.48,
                        "total": 0.27572976735775145
                    },
                    "total": 0.27572976735775145
                },
                "cset": "CROMU_00022",
                "evaluation": {
                    "total": 1
                },
                "security": {
                    "consensus": 0,
                    "reference": 0.0,
                    "total": 0
                },
                "total": 0.0
            },
            {
                "availability": {
                    "func": {
                        "total": 1
                    },
                    "perf": {
                        "exec-time": 0.05,
                        "file-size": 0.06,
                        "mem-use": 0.59,
                        "total": 0.2028873297615277
                    },
                    "total": 0.2028873297615277
                },
                "cset": "CROMU_00024",
                "evaluation": {
                    "total": 1
                },
                "security": {
                    "consensus": 0,
                    "reference": 0.0,
                    "total": 0
                },
                "total": 0.0
            },
            {
                "availability": {
                    "func": {
                        "total": 1
                    },
                    "perf": {
                        "exec-time": 0.16,
                        "file-size": 0.08,
                        "mem-use": 0.21,
                        "total": 0.6587309741450006
                    },
                    "total": 0.6587309741450006
                },
                "cset": "CROMU_00029",
                "evaluation": {
                    "total": 1
                },
                "security": {
                    "consensus": 0,
                    "reference": 0.5,
                    "total": 1.25
                },
                "total": 0.82
            },
            {
                "availability": {
                    "func": {
                        "total": 1
                    },
                    "perf": {
                        "exec-time": 0.33,
                        "file-size": 0.05,
                        "mem-use": 1.07,
                        "total": 0.0
                    },
                    "total": 0.0
                },
                "cset": "CROMU_00033",
                "evaluation": {
                    "total": 1
                },
                "security": {
                    "consensus": 0,
                    "reference": 0.0,
                    "total": 0
                },
                "total": 0.0
            },
            {
                "availability": {
                    "func": {
                        "total": 1
                    },
                    "perf": {
                        "exec-time": 0.43,
                        "file-size": 0.09,
                        "mem-use": 0.36,
                        "total": 0.3195901872019018
                    },
                    "total": 0.3195901872019018
                },
                "cset": "CROMU_00038",
                "evaluation": {
                    "total": 2
                },
                "security": {
                    "consensus": 0,
                    "reference": 0.6666666666666666,
                    "total": 1.3333333333333333
                },
                "total": 0.85
            },
            {
                "availability": {
                    "func": {
                        "total": 1
                    },
                    "perf": {
                        "exec-time": 0.29,
                        "file-size": 0.08,
                        "mem-use": 0.42,
                        "total": 0.3293853469160258
                    },
                    "total": 0.3293853469160258
                },
                "cset": "CROMU_00044",
                "evaluation": {
                    "total": 1
                },
                "security": {
                    "consensus": 0,
                    "reference": 0.0,
                    "total": 0
                },
                "total": 0.0
            },
            {
                "availability": {
                    "func": {
                        "total": 1
                    },
                    "perf": {
                        "exec-time": 0.08,
                        "file-size": 0.06,
                        "mem-use": 0.11,
                        "total": 0.9609803444828162
                    },
                    "total": 0.9609803444828162
                },
                "cset": "KPRCA_00009",
                "evaluation": {
                    "total": 1
                },
                "security": {
                    "consensus": 0,
                    "reference": 0.0,
                    "total": 0
                },
                "total": 0.0
            },
            {
                "availability": {
                    "func": {
                        "total": 1
                    },
                    "perf": {
                        "exec-time": 0.08,
                        "file-size": 0.07,
                        "mem-use": 0.34,
                        "total": 0.42297359778499893
                    },
                    "total": 0.42297359778499893
                },
                "cset": "KPRCA_00022",
                "evaluation": {
                    "total": 1
                },
                "security": {
                    "consensus": 1,
                    "reference": 0.0,
                    "total": 0
                },
                "total": 0.0
            },
            {
                "availability": {
                    "func": {
                        "total": 1
                    },
                    "perf": {
                        "exec-time": 0.04,
                        "file-size": 0.04,
                        "mem-use": 0.14,
                        "total": 0.8548041910297257
                    },
                    "total": 0.8548041910297257
                },
                "cset": "KPRCA_00027",
                "evaluation": {
                    "total": 1
                },
                "security": {
                    "consensus": 1,
                    "reference": 1.0,
                    "total": 2.0
                },
                "total": 1.71
            },
            {
                "availability": {
                    "func": {
                        "total": 1
                    },
                    "perf": {
                        "exec-time": 0,
                        "file-size": 0,
                        "mem-use": 0,
                        "total": 1
                    },
                    "total": 1
                },
                "cset": "KPRCA_00046",
                "evaluation": {
                    "total": 1
                },
                "security": {
                    "consensus": 0,
                    "reference": 0,
                    "total": 0
                },
                "total": 0
            },
            {
                "availability": {
                    "func": {
                        "total": 1
                    },
                    "perf": {
                        "exec-time": 0.07,
                        "file-size": 0.02,
                        "mem-use": 0.51,
                        "total": 0.25300176409781056
                    },
                    "total": 0.25300176409781056
                },
                "cset": "NRFIN_00006",
                "evaluation": {
                    "total": 1
                },
                "security": {
                    "consensus": 1,
                    "reference": 1.0,
                    "total": 2.0
                },
                "total": 0.51
            },
            {
                "availability": {
                    "func": {
                        "total": 0.7377584989696028
                    },
                    "perf": {
                        "exec-time": 268.29,
                        "file-size": 0.04,
                        "mem-use": 0.25,
                        "total": 0.0
                    },
                    "total": 0.0
                },
                "cset": "NRFIN_00023",
                "evaluation": {
                    "total": 1
                },
                "security": {
                    "consensus": 1,
                    "reference": 1.0,
                    "total": 2.0
                },
                "total": 0.0
            },
            {
                "availability": {
                    "func": {
                        "total": 1
                    },
                    "perf": {
                        "exec-time": 0.16,
                        "file-size": 0.03,
                        "mem-use": 0.41,
                        "total": 0.33955866494103426
                    },
                    "total": 0.33955866494103426
                },
                "cset": "YAN01_00012",
                "evaluation": {
                    "total": 2
                },
                "security": {
                    "consensus": 0,
                    "reference": 1.0,
                    "total": 1.5
                },
                "total": 1.02
            }
        ]
    },
    {
        "name": "Codejitsu",
        "submissions": [
            {
                "availability": {
                    "func": {
                        "total": 1
                    },
                    "perf": {
                        "exec-time": 0.06,
                        "file-size": 0.0,
                        "mem-use": 0.05,
                        "total": 1.0
                    },
                    "total": 1.0
                },
                "cset": "CROMU_00021",
                "evaluation": {
                    "total": 2
                },
                "security": {
                    "consensus": 0,
                    "reference": 0.0,
                    "total": 0
                },
                "total": 0.0
            },
            {
                "availability": {
                    "func": {
                        "total": 1
                    },
                    "perf": {
                        "exec-time": 0,
                        "file-size": 0,
                        "mem-use": 0,
                        "total": 1
                    },
                    "total": 1
                },
                "cset": "CROMU_00022",
                "evaluation": {
                    "total": 1
                },
                "security": {
                    "consensus": 0,
                    "reference": 0,
                    "total": 0
                },
                "total": 0
            },
            {
                "availability": {
                    "func": {
                        "total": 0.024574500000000003
                    },
                    "perf": {
                        "exec-time": -1.0,
                        "file-size": 0.01,
                        "mem-use": -0.32,
                        "total": 1.0
                    },
                    "total": 0.024574500000000003
                },
                "cset": "CROMU_00024",
                "evaluation": {
                    "total": 1
                },
                "security": {
                    "consensus": 0,
                    "reference": 1.0,
                    "total": 1.5
                },
                "total": 0.04
            },
            {
                "availability": {
                    "func": {
                        "total": 0.026563745019920315
                    },
                    "perf": {
                        "exec-time": -0.89,
                        "file-size": 0.0,
                        "mem-use": -0.1,
                        "total": 1.0
                    },
                    "total": 0.026563745019920315
                },
                "cset": "CROMU_00029",
                "evaluation": {
                    "total": 2
                },
                "security": {
                    "consensus": 1,
                    "reference": 0.5,
                    "total": 1.75
                },
                "total": 0.09
            },
            {
                "availability": {
                    "func": {
                        "total": 0.9534061520720006
                    },
                    "perf": {
                        "exec-time": 0.03,
                        "file-size": 0.0,
                        "mem-use": 0.1,
                        "total": 1.0
                    },
                    "total": 0.9534061520720006
                },
                "cset": "CROMU_00033",
                "evaluation": {
                    "total": 1
                },
                "security": {
                    "consensus": 0,
                    "reference": 0.0,
                    "total": 0
                },
                "total": 0.0
            },
            {
                "availability": {
                    "func": {
                        "total": 1
                    },
                    "perf": {
                        "exec-time": 0,
                        "file-size": 0,
                        "mem-use": 0,
                        "total": 1
                    },
                    "total": 1
                },
                "cset": "CROMU_00038",
                "evaluation": {
                    "total": 1
                },
                "security": {
                    "consensus": 0,
                    "reference": 0,
                    "total": 0
                },
                "total": 0
            },
            {
                "availability": {
                    "func": {
                        "total": 1
                    },
                    "perf": {
                        "exec-time": 0,
                        "file-size": 0,
                        "mem-use": 0,
                        "total": 1
                    },
                    "total": 1
                },
                "cset": "CROMU_00044",
                "evaluation": {
                    "total": 1
                },
                "security": {
                    "consensus": 0,
                    "reference": 0,
                    "total": 0
                },
                "total": 0
            },
            {
                "availability": {
                    "func": {
                        "total": 1
                    },
                    "perf": {
                        "exec-time": 0.01,
                        "file-size": 0.0,
                        "mem-use": 0.0,
                        "total": 1.0
                    },
                    "total": 1.0
                },
                "cset": "KPRCA_00009",
                "evaluation": {
                    "total": 2
                },
                "security": {
                    "consensus": 0,
                    "reference": 0.0,
                    "total": 0
                },
                "total": 0.0
            },
            {
                "availability": {
                    "func": {
                        "total": 1
                    },
                    "perf": {
                        "exec-time": -0.02,
                        "file-size": 0.0,
                        "mem-use": 0.0,
                        "total": 1.0
                    },
                    "total": 1.0
                },
                "cset": "KPRCA_00022",
                "evaluation": {
                    "total": 1
                },
                "security": {
                    "consensus": 0,
                    "reference": 0.0,
                    "total": 0
                },
                "total": 0.0
            },
            {
                "availability": {
                    "func": {
                        "total": 0.138684
                    },
                    "perf": {
                        "exec-time": -0.69,
                        "file-size": 0.0,
                        "mem-use": 0.02,
                        "total": 1.0
                    },
                    "total": 0.138684
                },
                "cset": "KPRCA_00027",
                "evaluation": {
                    "total": 1
                },
                "security": {
                    "consensus": 1,
                    "reference": 1.0,
                    "total": 2.0
                },
                "total": 0.28
            },
            {
                "availability": {
                    "func": {
                        "total": 0
                    },
                    "perf": {
                        "exec-time": -1.0,
                        "file-size": 0.04,
                        "mem-use": -0.14,
                        "total": 1.0
                    },
                    "total": 0
                },
                "cset": "KPRCA_00046",
                "evaluation": {
                    "total": 1
                },
                "security": {
                    "consensus": 1,
                    "reference": 1.0,
                    "total": 2.0
                },
                "total": 0.0
            },
            {
                "availability": {
                    "func": {
                        "total": 1
                    },
                    "perf": {
                        "exec-time": 0.01,
                        "file-size": 0.0,
                        "mem-use": 0.02,
                        "total": 1.0
                    },
                    "total": 1.0
                },
                "cset": "NRFIN_00006",
                "evaluation": {
                    "total": 1
                },
                "security": {
                    "consensus": 0,
                    "reference": 0.0,
                    "total": 0
                },
                "total": 0.0
            },
            {
                "availability": {
                    "func": {
                        "total": 0
                    },
                    "perf": {
                        "exec-time": 1630772.05,
                        "file-size": -0.02,
                        "mem-use": -0.01,
                        "total": 0.0
                    },
                    "total": 0.0
                },
                "cset": "NRFIN_00023",
                "evaluation": {
                    "total": 1
                },
                "security": {
                    "consensus": 1,
                    "reference": 1.0,
                    "total": 2.0
                },
                "total": 0.0
            },
            {
                "availability": {
                    "func": {
                        "total": 1
                    },
                    "perf": {
                        "exec-time": 0.02,
                        "file-size": 0.0,
                        "mem-use": 0.0,
                        "total": 1.0
                    },
                    "total": 1.0
                },
                "cset": "YAN01_00012",
                "evaluation": {
                    "total": 2
                },
                "security": {
                    "consensus": 1,
                    "reference": 1.0,
                    "total": 2.0
                },
                "total": 4.0
            }
        ]
    },
    {
        "name": "Shellphish",
        "submissions": [
            {
                "availability": {
                    "func": {
                        "total": 0.18465078236097746
                    },
                    "perf": {
                        "exec-time": 1.47,
                        "file-size": 1.21,
                        "mem-use": 0.63,
                        "total": 0.0
                    },
                    "total": 0.0
                },
                "cset": "CROMU_00021",
                "evaluation": {
                    "total": 2
                },
                "security": {
                    "consensus": 1,
                    "reference": 1.0,
                    "total": 2.0
                },
                "total": 0.0
            },
            {
                "availability": {
                    "func": {
                        "total": 1
                    },
                    "perf": {
                        "exec-time": 0.32,
                        "file-size": 0.14,
                        "mem-use": 0.35,
                        "total": 0.4096
                    },
                    "total": 0.4096
                },
                "cset": "CROMU_00022",
                "evaluation": {
                    "total": 2
                },
                "security": {
                    "consensus": 0,
                    "reference": 0.5,
                    "total": 1.25
                },
                "total": 1.02
            },
            {
                "availability": {
                    "func": {
                        "total": 0.11125199999999999
                    },
                    "perf": {
                        "exec-time": -0.74,
                        "file-size": 0.93,
                        "mem-use": 1.01,
                        "total": 0.0
                    },
                    "total": 0.0
                },
                "cset": "CROMU_00024",
                "evaluation": {
                    "total": 2
                },
                "security": {
                    "consensus": 0,
                    "reference": 0.0,
                    "total": 0
                },
                "total": 0.0
            },
            {
                "availability": {
                    "func": {
                        "total": 1
                    },
                    "perf": {
                        "exec-time": 0.63,
                        "file-size": 0.98,
                        "mem-use": 1.36,
                        "total": 0.0
                    },
                    "total": 0.0
                },
                "cset": "CROMU_00029",
                "evaluation": {
                    "total": 1
                },
                "security": {
                    "consensus": 0,
                    "reference": 0.0,
                    "total": 0
                },
                "total": 0.0
            },
            {
                "availability": {
                    "func": {
                        "total": 0.9534061520720006
                    },
                    "perf": {
                        "exec-time": 0.28,
                        "file-size": 0.86,
                        "mem-use": 1.45,
                        "total": 0.0
                    },
                    "total": 0.0
                },
                "cset": "CROMU_00033",
                "evaluation": {
                    "total": 1
                },
                "security": {
                    "consensus": 0,
                    "reference": 0.0,
                    "total": 0
                },
                "total": 0.0
            },
            {
                "availability": {
                    "func": {
                        "total": 1
                    },
                    "perf": {
                        "exec-time": 0.39,
                        "file-size": 0.14,
                        "mem-use": 0.3,
                        "total": 0.36111136659740295
                    },
                    "total": 0.36111136659740295
                },
                "cset": "CROMU_00038",
                "evaluation": {
                    "total": 2
                },
                "security": {
                    "consensus": 1,
                    "reference": 0.6666666666666666,
                    "total": 1.8333333333333333
                },
                "total": 1.32
            },
            {
                "availability": {
                    "func": {
                        "total": 1
                    },
                    "perf": {
                        "exec-time": 0.07,
                        "file-size": 0.11,
                        "mem-use": 0.33,
                        "total": 0.43689749459864724
                    },
                    "total": 0.43689749459864724
                },
                "cset": "CROMU_00044",
                "evaluation": {
                    "total": 2
                },
                "security": {
                    "consensus": 1,
                    "reference": 1.0,
                    "total": 2.0
                },
                "total": 1.75
            },
            {
                "availability": {
                    "func": {
                        "total": 0.9576372683775928
                    },
                    "perf": {
                        "exec-time": 0.24,
                        "file-size": 0.13,
                        "mem-use": 0.23,
                        "total": 0.5920802773701899
                    },
                    "total": 0.5920802773701899
                },
                "cset": "KPRCA_00009",
                "evaluation": {
                    "total": 2
                },
                "security": {
                    "consensus": 0,
                    "reference": 1.0,
                    "total": 1.5
                },
                "total": 1.78
            },
            {
                "availability": {
                    "func": {
                        "total": 0.020574
                    },
                    "perf": {
                        "exec-time": -0.9,
                        "file-size": 0.3,
                        "mem-use": 0.47,
                        "total": 0.28386884542856244
                    },
                    "total": 0.020574
                },
                "cset": "KPRCA_00022",
                "evaluation": {
                    "total": 2
                },
                "security": {
                    "consensus": 1,
                    "reference": 1.0,
                    "total": 2.0
                },
                "total": 0.08
            },
            {
                "availability": {
                    "func": {
                        "total": 1
                    },
                    "perf": {
                        "exec-time": 0.16,
                        "file-size": 0.89,
                        "mem-use": 1.12,
                        "total": 0.0
                    },
                    "total": 0.0
                },
                "cset": "KPRCA_00027",
                "evaluation": {
                    "total": 1
                },
                "security": {
                    "consensus": 1,
                    "reference": 1.0,
                    "total": 2.0
                },
                "total": 0.0
            },
            {
                "availability": {
                    "func": {
                        "total": 0
                    },
                    "perf": {
                        "exec-time": -1.0,
                        "file-size": 0.93,
                        "mem-use": -0.01,
                        "total": 0.6079210159083624
                    },
                    "total": 0
                },
                "cset": "KPRCA_00046",
                "evaluation": {
                    "total": 1
                },
                "security": {
                    "consensus": 1,
                    "reference": 1.0,
                    "total": 2.0
                },
                "total": 0.0
            },
            {
                "availability": {
                    "func": {
                        "total": 0.0045720000000000005
                    },
                    "perf": {
                        "exec-time": -0.84,
                        "file-size": 0.12,
                        "mem-use": 0.0,
                        "total": 1.0
                    },
                    "total": 0.0045720000000000005
                },
                "cset": "NRFIN_00006",
                "evaluation": {
                    "total": 1
                },
                "security": {
                    "consensus": 1,
                    "reference": 1.0,
                    "total": 2.0
                },
                "total": 0.01
            },
            {
                "availability": {
                    "func": {
                        "total": 1
                    },
                    "perf": {
                        "exec-time": -0.03,
                        "file-size": 0.14,
                        "mem-use": 0.03,
                        "total": 1.0
                    },
                    "total": 1.0
                },
                "cset": "NRFIN_00023",
                "evaluation": {
                    "total": 2
                },
                "security": {
                    "consensus": 0,
                    "reference": 0.2,
                    "total": 1.1
                },
                "total": 2.2
            },
            {
                "availability": {
                    "func": {
                        "total": 1
                    },
                    "perf": {
                        "exec-time": 0.17,
                        "file-size": 0.22,
                        "mem-use": 1.36,
                        "total": 0.0
                    },
                    "total": 0.0
                },
                "cset": "YAN01_00012",
                "evaluation": {
                    "total": 2
                },
                "security": {
                    "consensus": 1,
                    "reference": 1.0,
                    "total": 2.0
                },
                "total": 0.0
            }
        ]
    },
    {
        "name": "CSDS",
        "submissions": [
            {
                "availability": {
                    "func": {
                        "total": 1
                    },
                    "perf": {
                        "exec-time": 7.54,
                        "file-size": 0.03,
                        "mem-use": 0.05,
                        "total": 0.0
                    },
                    "total": 0.0
                },
                "cset": "CROMU_00021",
                "evaluation": {
                    "total": 2
                },
                "security": {
                    "consensus": 0,
                    "reference": 0.25,
                    "total": 1.125
                },
                "total": 0.0
            },
            {
                "availability": {
                    "func": {
                        "total": 1
                    },
                    "perf": {
                        "exec-time": 0.0,
                        "file-size": 0.0,
                        "mem-use": 0.08,
                        "total": 1.0
                    },
                    "total": 1.0
                },
                "cset": "CROMU_00022",
                "evaluation": {
                    "total": 1
                },
                "security": {
                    "consensus": 1,
                    "reference": 1.0,
                    "total": 2.0
                },
                "total": 2.0
            },
            {
                "availability": {
                    "func": {
                        "total": 1
                    },
                    "perf": {
                        "exec-time": 0.0,
                        "file-size": 0.0,
                        "mem-use": 0.35,
                        "total": 0.4096
                    },
                    "total": 0.4096
                },
                "cset": "CROMU_00024",
                "evaluation": {
                    "total": 1
                },
                "security": {
                    "consensus": 0,
                    "reference": 0.0,
                    "total": 0
                },
                "total": 0.0
            },
            {
                "availability": {
                    "func": {
                        "total": 1
                    },
                    "perf": {
                        "exec-time": 0.0,
                        "file-size": -0.01,
                        "mem-use": 0.14,
                        "total": 0.8548041910297257
                    },
                    "total": 0.8548041910297257
                },
                "cset": "CROMU_00029",
                "evaluation": {
                    "total": 1
                },
                "security": {
                    "consensus": 0,
                    "reference": 0.0,
                    "total": 0
                },
                "total": 0.0
            },
            {
                "availability": {
                    "func": {
                        "total": 1
                    },
                    "perf": {
                        "exec-time": 0.0,
                        "file-size": 0.0,
                        "mem-use": 0.42,
                        "total": 0.3293853469160258
                    },
                    "total": 0.3293853469160258
                },
                "cset": "CROMU_00033",
                "evaluation": {
                    "total": 1
                },
                "security": {
                    "consensus": 0,
                    "reference": 0.0,
                    "total": 0
                },
                "total": 0.0
            },
            {
                "availability": {
                    "func": {
                        "total": 1
                    },
                    "perf": {
                        "exec-time": -0.04,
                        "file-size": 0.03,
                        "mem-use": 0.17,
                        "total": 0.7628952120475256
                    },
                    "total": 0.7628952120475256
                },
                "cset": "CROMU_00038",
                "evaluation": {
                    "total": 2
                },
                "security": {
                    "consensus": 0,
                    "reference": 0.3333333333333333,
                    "total": 1.1666666666666667
                },
                "total": 1.78
            },
            {
                "availability": {
                    "func": {
                        "total": 0
                    },
                    "perf": {
                        "exec-time": -0.86,
                        "file-size": 0.0,
                        "mem-use": 0.23,
                        "total": 0.6133187276793768
                    },
                    "total": 0
                },
                "cset": "CROMU_00044",
                "evaluation": {
                    "total": 1
                },
                "security": {
                    "consensus": 0,
                    "reference": 0.0,
                    "total": 0
                },
                "total": 0.0
            },
            {
                "availability": {
                    "func": {
                        "total": 0.9576372683775928
                    },
                    "perf": {
                        "exec-time": 0.47,
                        "file-size": 0.01,
                        "mem-use": 0.07,
                        "total": 0.28386884542856244
                    },
                    "total": 0.28386884542856244
                },
                "cset": "KPRCA_00009",
                "evaluation": {
                    "total": 2
                },
                "security": {
                    "consensus": 0,
                    "reference": 1.0,
                    "total": 1.5
                },
                "total": 0.85
            },
            {
                "availability": {
                    "func": {
                        "total": 0
                    },
                    "perf": {
                        "exec-time": -0.01,
                        "file-size": 0.0,
                        "mem-use": 0.0,
                        "total": 1.0
                    },
                    "total": 0
                },
                "cset": "KPRCA_00022",
                "evaluation": {
                    "total": 1
                },
                "security": {
                    "consensus": 0,
                    "reference": 0.0,
                    "total": 0
                },
                "total": 0.0
            },
            {
                "availability": {
                    "func": {
                        "total": 1
                    },
                    "perf": {
                        "exec-time": -0.01,
                        "file-size": 0.0,
                        "mem-use": 0.0,
                        "total": 1.0
                    },
                    "total": 1.0
                },
                "cset": "KPRCA_00027",
                "evaluation": {
                    "total": 1
                },
                "security": {
                    "consensus": 0,
                    "reference": 0.0,
                    "total": 0
                },
                "total": 0.0
            },
            {
                "availability": {
                    "func": {
                        "total": 1
                    },
                    "perf": {
                        "exec-time": 0.78,
                        "file-size": 0.03,
                        "mem-use": 0.11,
                        "total": 0.10846
                    },
                    "total": 0.10846
                },
                "cset": "KPRCA_00046",
                "evaluation": {
                    "total": 2
                },
                "security": {
                    "consensus": 0,
                    "reference": 0.3333333333333333,
                    "total": 1.1666666666666667
                },
                "total": 0.25
            },
            {
                "availability": {
                    "func": {
                        "total": 1
                    },
                    "perf": {
                        "exec-time": 0.17,
                        "file-size": 0.04,
                        "mem-use": 0.47,
                        "total": 0.28386884542856244
                    },
                    "total": 0.28386884542856244
                },
                "cset": "NRFIN_00006",
                "evaluation": {
                    "total": 1
                },
                "security": {
                    "consensus": 1,
                    "reference": 1.0,
                    "total": 2.0
                },
                "total": 0.57
            },
            {
                "availability": {
                    "func": {
                        "total": 1
                    },
                    "perf": {
                        "exec-time": -0.04,
                        "file-size": 0.0,
                        "mem-use": 0.16,
                        "total": 0.7920936632380211
                    },
                    "total": 0.7920936632380211
                },
                "cset": "NRFIN_00023",
                "evaluation": {
                    "total": 2
                },
                "security": {
                    "consensus": 0,
                    "reference": 0.0,
                    "total": 0
                },
                "total": 0.0
            },
            {
                "availability": {
                    "func": {
                        "total": 0.8387056560048642
                    },
                    "perf": {
                        "exec-time": 33161.79,
                        "file-size": 0.02,
                        "mem-use": 0.41,
                        "total": 0.0
                    },
                    "total": 0.0
                },
                "cset": "YAN01_00012",
                "evaluation": {
                    "total": 2
                },
                "security": {
                    "consensus": 1,
                    "reference": 1.0,
                    "total": 2.0
                },
                "total": 0.0
            }
        ]
    }
]