[
    {
        "name": "TechX",
        "submissions": [
            {
                "availability": {
                    "func": {
                        "total": 1
                    },
                    "perf": {
                        "exec-time": 0.25,
                        "file-size": 0.11,
                        "mem-use": 0.51,
                        "total": 0.25300176409781056
                    },
                    "total": 0.25300176409781056
                },
                "cset": "CROMU_00003",
                "evaluation": {
                    "total": 1
                },
                "security": {
                    "consensus": 1,
                    "reference": 1.0,
                    "total": 2.0
                },
                "total": 0.51
            },
            {
                "availability": {
                    "func": {
                        "total": 1
                    },
                    "perf": {
                        "exec-time": -0.02,
                        "file-size": 0.02,
                        "mem-use": -0.03,
                        "total": 1.0
                    },
                    "total": 1.0
                },
                "cset": "CROMU_00009",
                "evaluation": {
                    "total": 2
                },
                "security": {
                    "consensus": 1,
                    "reference": 0.5,
                    "total": 1.75
                },
                "total": 3.5
            },
            {
                "availability": {
                    "func": {
                        "total": 1
                    },
                    "perf": {
                        "exec-time": 0.04,
                        "file-size": 0.0,
                        "mem-use": 0.0,
                        "total": 1.0
                    },
                    "total": 1.0
                },
                "cset": "CROMU_00015",
                "evaluation": {
                    "total": 2
                },
                "security": {
                    "consensus": 0,
                    "reference": 0.14285714285714285,
                    "total": 1.0714285714285714
                },
                "total": 2.14
            },
            {
                "availability": {
                    "func": {
                        "total": 1
                    },
                    "perf": {
                        "exec-time": 0.0,
                        "file-size": -0.7,
                        "mem-use": 0.0,
                        "total": 1.0
                    },
                    "total": 1.0
                },
                "cset": "CROMU_00025",
                "evaluation": {
                    "total": 2
                },
                "security": {
                    "consensus": 1,
                    "reference": 0.5,
                    "total": 1.75
                },
                "total": 3.5
            },
            {
                "availability": {
                    "func": {
                        "total": 1
                    },
                    "perf": {
                        "exec-time": -0.09,
                        "file-size": 0.19,
                        "mem-use": 0.34,
                        "total": 0.42297359778499893
                    },
                    "total": 0.42297359778499893
                },
                "cset": "CROMU_00035",
                "evaluation": {
                    "total": 1
                },
                "security": {
                    "consensus": 1,
                    "reference": 1.0,
                    "total": 2.0
                },
                "total": 0.85
            },
            {
                "availability": {
                    "func": {
                        "total": 1
                    },
                    "perf": {
                        "exec-time": 0.0,
                        "file-size": -0.82,
                        "mem-use": 0.0,
                        "total": 1.0
                    },
                    "total": 1.0
                },
                "cset": "CROMU_00036",
                "evaluation": {
                    "total": 2
                },
                "security": {
                    "consensus": 1,
                    "reference": 1.0,
                    "total": 2.0
                },
                "total": 4.0
            },
            {
                "availability": {
                    "func": {
                        "total": 1
                    },
                    "perf": {
                        "exec-time": -0.01,
                        "file-size": 0.03,
                        "mem-use": 0.0,
                        "total": 1.0
                    },
                    "total": 1.0
                },
                "cset": "KPRCA_00037",
                "evaluation": {
                    "total": 2
                },
                "security": {
                    "consensus": 1,
                    "reference": 1.0,
                    "total": 2.0
                },
                "total": 4.0
            },
            {
                "availability": {
                    "func": {
                        "total": 1
                    },
                    "perf": {
                        "exec-time": 0.19,
                        "file-size": 0.05,
                        "mem-use": 0.0,
                        "total": 0.708425211065197
                    },
                    "total": 0.708425211065197
                },
                "cset": "KPRCA_00038",
                "evaluation": {
                    "total": 2
                },
                "security": {
                    "consensus": 1,
                    "reference": 0.8888888888888888,
                    "total": 1.9444444444444444
                },
                "total": 2.75
            },
            {
                "availability": {
                    "func": {
                        "total": 1
                    },
                    "perf": {
                        "exec-time": 0.05,
                        "file-size": 0.17,
                        "mem-use": 0.15,
                        "total": 0.8227024747918825
                    },
                    "total": 0.8227024747918825
                },
                "cset": "KPRCA_00045",
                "evaluation": {
                    "total": 1
                },
                "security": {
                    "consensus": 1,
                    "reference": 1.0,
                    "total": 2.0
                },
                "total": 1.65
            },
            {
                "availability": {
                    "func": {
                        "total": 1
                    },
                    "perf": {
                        "exec-time": 0.24,
                        "file-size": 0.03,
                        "mem-use": 0.0,
                        "total": 0.5920802773701899
                    },
                    "total": 0.5920802773701899
                },
                "cset": "NRFIN_00007",
                "evaluation": {
                    "total": 1
                },
                "security": {
                    "consensus": 1,
                    "reference": 1.0,
                    "total": 2.0
                },
                "total": 1.18
            },
            {
                "availability": {
                    "func": {
                        "total": 1
                    },
                    "perf": {
                        "exec-time": 0.07,
                        "file-size": 0.01,
                        "mem-use": 0.31,
                        "total": 0.4665073802097335
                    },
                    "total": 0.4665073802097335
                },
                "cset": "NRFIN_00008",
                "evaluation": {
                    "total": 1
                },
                "security": {
                    "consensus": 1,
                    "reference": 1.0,
                    "total": 2.0
                },
                "total": 0.93
            },
            {
                "availability": {
                    "func": {
                        "total": 1
                    },
                    "perf": {
                        "exec-time": 0.02,
                        "file-size": 0.0,
                        "mem-use": 0.0,
                        "total": 1.0
                    },
                    "total": 1.0
                },
                "cset": "NRFIN_00017",
                "evaluation": {
                    "total": 1
                },
                "security": {
                    "consensus": 1,
                    "reference": 0.5,
                    "total": 1.75
                },
                "total": 1.75
            },
            {
                "availability": {
                    "func": {
                        "total": 1
                    },
                    "perf": {
                        "exec-time": 0.0,
                        "file-size": 0.06,
                        "mem-use": 0.11,
                        "total": 0.9609803444828162
                    },
                    "total": 0.9609803444828162
                },
                "cset": "NRFIN_00041",
                "evaluation": {
                    "total": 2
                },
                "security": {
                    "consensus": 1,
                    "reference": 1.0,
                    "total": 2.0
                },
                "total": 3.84
            },
            {
                "availability": {
                    "func": {
                        "total": 1
                    },
                    "perf": {
                        "exec-time": 1.63,
                        "file-size": 0.05,
                        "mem-use": 0.07,
                        "total": 0.0
                    },
                    "total": 0.0
                },
                "cset": "YAN01_00009",
                "evaluation": {
                    "total": 1
                },
                "security": {
                    "consensus": 1,
                    "reference": 1.0,
                    "total": 2.0
                },
                "total": 0.0
            }
        ]
    },
    {
        "name": "Deep Red",
        "submissions": [
            {
                "availability": {
                    "func": {
                        "total": 0
                    },
                    "perf": {
                        "exec-time": -0.86,
                        "file-size": 0.04,
                        "mem-use": 0.21,
                        "total": 0.6587309741450006
                    },
                    "total": 0
                },
                "cset": "CROMU_00003",
                "evaluation": {
                    "total": 1
                },
                "security": {
                    "consensus": 0,
                    "reference": 0.0,
                    "total": 0
                },
                "total": 0.0
            },
            {
                "availability": {
                    "func": {
                        "total": 1
                    },
                    "perf": {
                        "exec-time": 0.33,
                        "file-size": -0.01,
                        "mem-use": -0.14,
                        "total": 0.43689749459864724
                    },
                    "total": 0.43689749459864724
                },
                "cset": "CROMU_00009",
                "evaluation": {
                    "total": 1
                },
                "security": {
                    "consensus": 1,
                    "reference": 1.0,
                    "total": 2.0
                },
                "total": 0.87
            },
            {
                "availability": {
                    "func": {
                        "total": 1
                    },
                    "perf": {
                        "exec-time": 0.03,
                        "file-size": 0.02,
                        "mem-use": -0.42,
                        "total": 1.0
                    },
                    "total": 1.0
                },
                "cset": "CROMU_00015",
                "evaluation": {
                    "total": 2
                },
                "security": {
                    "consensus": 1,
                    "reference": 1.0,
                    "total": 2.0
                },
                "total": 4.0
            },
            {
                "availability": {
                    "func": {
                        "total": 1
                    },
                    "perf": {
                        "exec-time": 0.22,
                        "file-size": -0.01,
                        "mem-use": -0.06,
                        "total": 0.6355180784048315
                    },
                    "total": 0.6355180784048315
                },
                "cset": "CROMU_00025",
                "evaluation": {
                    "total": 1
                },
                "security": {
                    "consensus": 1,
                    "reference": 1.0,
                    "total": 2.0
                },
                "total": 1.27
            },
            {
                "availability": {
                    "func": {
                        "total": 0
                    },
                    "perf": {
                        "exec-time": -1.0,
                        "file-size": 0.03,
                        "mem-use": -0.53,
                        "total": 1.0
                    },
                    "total": 0
                },
                "cset": "CROMU_00035",
                "evaluation": {
                    "total": 1
                },
                "security": {
                    "consensus": 0,
                    "reference": 0.0,
                    "total": 0
                },
                "total": 0.0
            },
            {
                "availability": {
                    "func": {
                        "total": 1
                    },
                    "perf": {
                        "exec-time": 1.24,
                        "file-size": -0.01,
                        "mem-use": 0.14,
                        "total": 0.0
                    },
                    "total": 0.0
                },
                "cset": "CROMU_00036",
                "evaluation": {
                    "total": 1
                },
                "security": {
                    "consensus": 1,
                    "reference": 1.0,
                    "total": 2.0
                },
                "total": 0.0
            },
            {
                "availability": {
                    "func": {
                        "total": 1
                    },
                    "perf": {
                        "exec-time": 0.15,
                        "file-size": -0.01,
                        "mem-use": -0.07,
                        "total": 0.8227024747918825
                    },
                    "total": 0.8227024747918825
                },
                "cset": "KPRCA_00037",
                "evaluation": {
                    "total": 1
                },
                "security": {
                    "consensus": 1,
                    "reference": 1.0,
                    "total": 2.0
                },
                "total": 1.65
            },
            {
                "availability": {
                    "func": {
                        "total": 0.996017924305804
                    },
                    "perf": {
                        "exec-time": 1.24,
                        "file-size": 0.1,
                        "mem-use": 0.0,
                        "total": 0.0
                    },
                    "total": 0.0
                },
                "cset": "KPRCA_00038",
                "evaluation": {
                    "total": 2
                },
                "security": {
                    "consensus": 1,
                    "reference": 1.0,
                    "total": 2.0
                },
                "total": 0.0
            },
            {
                "availability": {
                    "func": {
                        "total": 1
                    },
                    "perf": {
                        "exec-time": 0.28,
                        "file-size": 0.0,
                        "mem-use": -0.02,
                        "total": 0.5157888751519412
                    },
                    "total": 0.5157888751519412
                },
                "cset": "KPRCA_00045",
                "evaluation": {
                    "total": 1
                },
                "security": {
                    "consensus": 1,
                    "reference": 1.0,
                    "total": 2.0
                },
                "total": 1.03
            },
            {
                "availability": {
                    "func": {
                        "total": 1
                    },
                    "perf": {
                        "exec-time": 0.88,
                        "file-size": 0.01,
                        "mem-use": -0.37,
                        "total": 0.0591600000000001
                    },
                    "total": 0.0591600000000001
                },
                "cset": "NRFIN_00007",
                "evaluation": {
                    "total": 1
                },
                "security": {
                    "consensus": 1,
                    "reference": 1.0,
                    "total": 2.0
                },
                "total": 0.12
            },
            {
                "availability": {
                    "func": {
                        "total": 1
                    },
                    "perf": {
                        "exec-time": 0.38,
                        "file-size": 0.0,
                        "mem-use": 0.0,
                        "total": 0.37252902984619163
                    },
                    "total": 0.37252902984619163
                },
                "cset": "NRFIN_00008",
                "evaluation": {
                    "total": 1
                },
                "security": {
                    "consensus": 1,
                    "reference": 1.0,
                    "total": 2.0
                },
                "total": 0.75
            },
            {
                "availability": {
                    "func": {
                        "total": 1
                    },
                    "perf": {
                        "exec-time": 0.11,
                        "file-size": 0.04,
                        "mem-use": 0.02,
                        "total": 0.9609803444828162
                    },
                    "total": 0.9609803444828162
                },
                "cset": "NRFIN_00017",
                "evaluation": {
                    "total": 1
                },
                "security": {
                    "consensus": 1,
                    "reference": 1.0,
                    "total": 2.0
                },
                "total": 1.92
            },
            {
                "availability": {
                    "func": {
                        "total": 1
                    },
                    "perf": {
                        "exec-time": 0.41,
                        "file-size": 0.01,
                        "mem-use": 0.11,
                        "total": 0.33955866494103426
                    },
                    "total": 0.33955866494103426
                },
                "cset": "NRFIN_00041",
                "evaluation": {
                    "total": 1
                },
                "security": {
                    "consensus": 1,
                    "reference": 1.0,
                    "total": 2.0
                },
                "total": 0.68
            },
            {
                "availability": {
                    "func": {
                        "total": 1
                    },
                    "perf": {
                        "exec-time": 0.76,
                        "file-size": -0.01,
                        "mem-use": 0.0,
                        "total": 0.11831999999999998
                    },
                    "total": 0.11831999999999998
                },
                "cset": "YAN01_00009",
                "evaluation": {
                    "total": 1
                },
                "security": {
                    "consensus": 1,
                    "reference": 1.0,
                    "total": 2.0
                },
                "total": 0.24
            }
        ]
    },
    {
        "name": "ForAllSecure",
        "submissions": [
            {
                "availability": {
                    "func": {
                        "total": 1
                    },
                    "perf": {
                        "exec-time": 0.58,
                        "file-size": 0.12,
                        "mem-use": 1.1,
                        "total": 0.0
                    },
                    "total": 0.0
                },
                "cset": "CROMU_00003",
                "evaluation": {
                    "total": 1
                },
                "security": {
                    "consensus": 1,
                    "reference": 1.0,
                    "total": 2.0
                },
                "total": 0.0
            },
            {
                "availability": {
                    "func": {
                        "total": 1
                    },
                    "perf": {
                        "exec-time": -0.12,
                        "file-size": 0.08,
                        "mem-use": 0.32,
                        "total": 0.45139908800050504
                    },
                    "total": 0.45139908800050504
                },
                "cset": "CROMU_00009",
                "evaluation": {
                    "total": 1
                },
                "security": {
                    "consensus": 1,
                    "reference": 1.0,
                    "total": 2.0
                },
                "total": 0.9
            },
            {
                "availability": {
                    "func": {
                        "total": 0.001905
                    },
                    "perf": {
                        "exec-time": 867.58,
                        "file-size": 0.25,
                        "mem-use": -0.6,
                        "total": 0.0
                    },
                    "total": 0.0
                },
                "cset": "CROMU_00015",
                "evaluation": {
                    "total": 2
                },
                "security": {
                    "consensus": 1,
                    "reference": 1.0,
                    "total": 2.0
                },
                "total": 0.0
            },
            {
                "availability": {
                    "func": {
                        "total": 1
                    },
                    "perf": {
                        "exec-time": 0.2,
                        "file-size": 0.12,
                        "mem-use": 0.29,
                        "total": 0.4986687514078978
                    },
                    "total": 0.4986687514078978
                },
                "cset": "CROMU_00025",
                "evaluation": {
                    "total": 1
                },
                "security": {
                    "consensus": 1,
                    "reference": 1.0,
                    "total": 2.0
                },
                "total": 1.0
            },
            {
                "availability": {
                    "func": {
                        "total": 1
                    },
                    "perf": {
                        "exec-time": -0.14,
                        "file-size": 0.11,
                        "mem-use": 0.48,
                        "total": 0.27572976735775145
                    },
                    "total": 0.27572976735775145
                },
                "cset": "CROMU_00035",
                "evaluation": {
                    "total": 1
                },
                "security": {
                    "consensus": 1,
                    "reference": 1.0,
                    "total": 2.0
                },
                "total": 0.55
            },
            {
                "availability": {
                    "func": {
                        "total": 1
                    },
                    "perf": {
                        "exec-time": 0.5,
                        "file-size": 0.39,
                        "mem-use": 0.14,
                        "total": 0.260308204914619
                    },
                    "total": 0.260308204914619
                },
                "cset": "CROMU_00036",
                "evaluation": {
                    "total": 2
                },
                "security": {
                    "consensus": 1,
                    "reference": 1.0,
                    "total": 2.0
                },
                "total": 1.04
            },
            {
                "availability": {
                    "func": {
                        "total": 1
                    },
                    "perf": {
                        "exec-time": 0.43,
                        "file-size": 0.05,
                        "mem-use": 0.2,
                        "total": 0.3195901872019018
                    },
                    "total": 0.3195901872019018
                },
                "cset": "KPRCA_00037",
                "evaluation": {
                    "total": 2
                },
                "security": {
                    "consensus": 1,
                    "reference": 1.0,
                    "total": 2.0
                },
                "total": 1.28
            },
            {
                "availability": {
                    "func": {
                        "total": 0.996017924305804
                    },
                    "perf": {
                        "exec-time": 1.89,
                        "file-size": 0.45,
                        "mem-use": 0.04,
                        "total": 0.0
                    },
                    "total": 0.0
                },
                "cset": "KPRCA_00038",
                "evaluation": {
                    "total": 2
                },
                "security": {
                    "consensus": 1,
                    "reference": 1.0,
                    "total": 2.0
                },
                "total": 0.0
            },
            {
                "availability": {
                    "func": {
                        "total": 0.6111524826325871
                    },
                    "perf": {
                        "exec-time": -0.14,
                        "file-size": 0.1,
                        "mem-use": 0.33,
                        "total": 0.43689749459864724
                    },
                    "total": 0.43689749459864724
                },
                "cset": "KPRCA_00045",
                "evaluation": {
                    "total": 1
                },
                "security": {
                    "consensus": 1,
                    "reference": 1.0,
                    "total": 2.0
                },
                "total": 0.87
            },
            {
                "availability": {
                    "func": {
                        "total": 0.029337
                    },
                    "perf": {
                        "exec-time": -1.0,
                        "file-size": 0.01,
                        "mem-use": -1.0,
                        "total": 1.0
                    },
                    "total": 0.029337
                },
                "cset": "NRFIN_00007",
                "evaluation": {
                    "total": 1
                },
                "security": {
                    "consensus": 1,
                    "reference": 1.0,
                    "total": 2.0
                },
                "total": 0.06
            },
            {
                "availability": {
                    "func": {
                        "total": 1
                    },
                    "perf": {
                        "exec-time": -0.04,
                        "file-size": -0.01,
                        "mem-use": 0.36,
                        "total": 0.3967508076735545
                    },
                    "total": 0.3967508076735545
                },
                "cset": "NRFIN_00008",
                "evaluation": {
                    "total": 1
                },
                "security": {
                    "consensus": 1,
                    "reference": 0.0,
                    "total": 0
                },
                "total": 0.0
            },
            {
                "availability": {
                    "func": {
                        "total": 1
                    },
                    "perf": {
                        "exec-time": 0.01,
                        "file-size": 0.04,
                        "mem-use": 0.16,
                        "total": 0.7920936632380211
                    },
                    "total": 0.7920936632380211
                },
                "cset": "NRFIN_00017",
                "evaluation": {
                    "total": 2
                },
                "security": {
                    "consensus": 0,
                    "reference": 0.25,
                    "total": 1.125
                },
                "total": 1.78
            },
            {
                "availability": {
                    "func": {
                        "total": 1
                    },
                    "perf": {
                        "exec-time": 0.98,
                        "file-size": 0.07,
                        "mem-use": 0.44,
                        "total": 0.00985999999999998
                    },
                    "total": 0.00985999999999998
                },
                "cset": "NRFIN_00041",
                "evaluation": {
                    "total": 2
                },
                "security": {
                    "consensus": 1,
                    "reference": 1.0,
                    "total": 2.0
                },
                "total": 0.04
            },
            {
                "availability": {
                    "func": {
                        "total": 1
                    },
                    "perf": {
                        "exec-time": 1.57,
                        "file-size": 0.01,
                        "mem-use": 0.29,
                        "total": 0.0
                    },
                    "total": 0.0
                },
                "cset": "YAN01_00009",
                "evaluation": {
                    "total": 1
                },
                "security": {
                    "consensus": 1,
                    "reference": 1.0,
                    "total": 2.0
                },
                "total": 0.0
            }
        ]
    },
    {
        "name": "Disekt",
        "submissions": [
            {
                "availability": {
                    "func": {
                        "total": 1
                    },
                    "perf": {
                        "exec-time": 0.41,
                        "file-size": 0.06,
                        "mem-use": 0.36,
                        "total": 0.33955866494103426
                    },
                    "total": 0.33955866494103426
                },
                "cset": "CROMU_00003",
                "evaluation": {
                    "total": 1
                },
                "security": {
                    "consensus": 1,
                    "reference": 0.0,
                    "total": 0
                },
                "total": 0.0
            },
            {
                "availability": {
                    "func": {
                        "total": 1
                    },
                    "perf": {
                        "exec-time": 0.09,
                        "file-size": 0.12,
                        "mem-use": 0.26,
                        "total": 0.5522910978804748
                    },
                    "total": 0.5522910978804748
                },
                "cset": "CROMU_00009",
                "evaluation": {
                    "total": 1
                },
                "security": {
                    "consensus": 0,
                    "reference": 0.5,
                    "total": 1.25
                },
                "total": 0.69
            },
            {
                "availability": {
                    "func": {
                        "total": 1
                    },
                    "perf": {
                        "exec-time": 0.44,
                        "file-size": 0.29,
                        "mem-use": 0.07,
                        "total": 0.3101564424133031
                    },
                    "total": 0.3101564424133031
                },
                "cset": "CROMU_00015",
                "evaluation": {
                    "total": 1
                },
                "security": {
                    "consensus": 0,
                    "reference": 0.5714285714285714,
                    "total": 1.2857142857142856
                },
                "total": 0.4
            },
            {
                "availability": {
                    "func": {
                        "total": 1
                    },
                    "perf": {
                        "exec-time": 0.18,
                        "file-size": 0.09,
                        "mem-use": 0.16,
                        "total": 0.7350298527964538
                    },
                    "total": 0.7350298527964538
                },
                "cset": "CROMU_00025",
                "evaluation": {
                    "total": 1
                },
                "security": {
                    "consensus": 0,
                    "reference": 0.5,
                    "total": 1.25
                },
                "total": 0.92
            },
            {
                "availability": {
                    "func": {
                        "total": 1
                    },
                    "perf": {
                        "exec-time": 0.12,
                        "file-size": 0.11,
                        "mem-use": 0.65,
                        "total": 0.1725500000000001
                    },
                    "total": 0.1725500000000001
                },
                "cset": "CROMU_00035",
                "evaluation": {
                    "total": 1
                },
                "security": {
                    "consensus": 1,
                    "reference": 0.5,
                    "total": 1.75
                },
                "total": 0.3
            },
            {
                "availability": {
                    "func": {
                        "total": 1
                    },
                    "perf": {
                        "exec-time": 0.83,
                        "file-size": 0.06,
                        "mem-use": 0.02,
                        "total": 0.08380999999999994
                    },
                    "total": 0.08380999999999994
                },
                "cset": "CROMU_00036",
                "evaluation": {
                    "total": 1
                },
                "security": {
                    "consensus": 1,
                    "reference": 1.0,
                    "total": 2.0
                },
                "total": 0.17
            },
            {
                "availability": {
                    "func": {
                        "total": 1
                    },
                    "perf": {
                        "exec-time": 0.14,
                        "file-size": 0.04,
                        "mem-use": 1.55,
                        "total": 0.0
                    },
                    "total": 0.0
                },
                "cset": "KPRCA_00037",
                "evaluation": {
                    "total": 1
                },
                "security": {
                    "consensus": 0,
                    "reference": 0.0,
                    "total": 0
                },
                "total": 0.0
            },
            {
                "availability": {
                    "func": {
                        "total": 0
                    },
                    "perf": {
                        "exec-time": -0.23,
                        "file-size": 0.14,
                        "mem-use": 3.58,
                        "total": 0.0
                    },
                    "total": 0.0
                },
                "cset": "KPRCA_00038",
                "evaluation": {
                    "total": 1
                },
                "security": {
                    "consensus": 1,
                    "reference": 0.8888888888888888,
                    "total": 1.9444444444444444
                },
                "total": 0.0
            },
            {
                "availability": {
                    "func": {
                        "total": 1
                    },
                    "perf": {
                        "exec-time": 0.15,
                        "file-size": 0.07,
                        "mem-use": 0.43,
                        "total": 0.3195901872019018
                    },
                    "total": 0.3195901872019018
                },
                "cset": "KPRCA_00045",
                "evaluation": {
                    "total": 1
                },
                "security": {
                    "consensus": 1,
                    "reference": 0.5,
                    "total": 1.75
                },
                "total": 0.56
            },
            {
                "availability": {
                    "func": {
                        "total": 1
                    },
                    "perf": {
                        "exec-time": -0.01,
                        "file-size": 0.02,
                        "mem-use": 0.0,
                        "total": 1.0
                    },
                    "total": 1.0
                },
                "cset": "NRFIN_00007",
                "evaluation": {
                    "total": 1
                },
                "security": {
                    "consensus": 0,
                    "reference": 0.0,
                    "total": 0
                },
                "total": 0.0
            },
            {
                "availability": {
                    "func": {
                        "total": 1
                    },
                    "perf": {
                        "exec-time": 0.02,
                        "file-size": 0.0,
                        "mem-use": 0.18,
                        "total": 0.7350298527964538
                    },
                    "total": 0.7350298527964538
                },
                "cset": "NRFIN_00008",
                "evaluation": {
                    "total": 1
                },
                "security": {
                    "consensus": 1,
                    "reference": 0.0,
                    "total": 0
                },
                "total": 0.0
            },
            {
                "availability": {
                    "func": {
                        "total": 1
                    },
                    "perf": {
                        "exec-time": 0.21,
                        "file-size": 0.07,
                        "mem-use": 0.19,
                        "total": 0.6587309741450006
                    },
                    "total": 0.6587309741450006
                },
                "cset": "NRFIN_00017",
                "evaluation": {
                    "total": 1
                },
                "security": {
                    "consensus": 0,
                    "reference": 0.25,
                    "total": 1.125
                },
                "total": 0.74
            },
            {
                "availability": {
                    "func": {
                        "total": 1
                    },
                    "perf": {
                        "exec-time": 0.3,
                        "file-size": 0.08,
                        "mem-use": 0.27,
                        "total": 0.4822530864197532
                    },
                    "total": 0.4822530864197532
                },
                "cset": "NRFIN_00041",
                "evaluation": {
                    "total": 1
                },
                "security": {
                    "consensus": 0,
                    "reference": 1.0,
                    "total": 1.5
                },
                "total": 0.72
            },
            {
                "availability": {
                    "func": {
                        "total": 1
                    },
                    "perf": {
                        "exec-time": 0.11,
                        "file-size": 0.06,
                        "mem-use": 0.11,
                        "total": 0.9609803444828162
                    },
                    "total": 0.9609803444828162
                },
                "cset": "YAN01_00009",
                "evaluation": {
                    "total": 1
                },
                "security": {
                    "consensus": 1,
                    "reference": 0.0,
                    "total": 0
                },
                "total": 0.0
            }
        ]
    },
    {
        "name": "Codejitsu",
        "submissions": [
            {
                "availability": {
                    "func": {
                        "total": 1
                    },
                    "perf": {
                        "exec-time": -0.01,
                        "file-size": 0.0,
                        "mem-use": 0.15,
                        "total": 0.8227024747918825
                    },
                    "total": 0.8227024747918825
                },
                "cset": "CROMU_00003",
                "evaluation": {
                    "total": 1
                },
                "security": {
                    "consensus": 1,
                    "reference": 0.0,
                    "total": 0
                },
                "total": 0.0
            },
            {
                "availability": {
                    "func": {
                        "total": 0.13028230616302186
                    },
                    "perf": {
                        "exec-time": -0.08,
                        "file-size": 0.0,
                        "mem-use": 0.03,
                        "total": 1.0
                    },
                    "total": 0.13028230616302186
                },
                "cset": "CROMU_00009",
                "evaluation": {
                    "total": 1
                },
                "security": {
                    "consensus": 1,
                    "reference": 1.0,
                    "total": 2.0
                },
                "total": 0.26
            },
            {
                "availability": {
                    "func": {
                        "total": 1
                    },
                    "perf": {
                        "exec-time": 0,
                        "file-size": 0,
                        "mem-use": 0,
                        "total": 1
                    },
                    "total": 1
                },
                "cset": "CROMU_00015",
                "evaluation": {
                    "total": 1
                },
                "security": {
                    "consensus": 0,
                    "reference": 0,
                    "total": 0
                },
                "total": 0
            },
            {
                "availability": {
                    "func": {
                        "total": 0.010287
                    },
                    "perf": {
                        "exec-time": -0.49,
                        "file-size": 0.0,
                        "mem-use": -0.08,
                        "total": 1.0
                    },
                    "total": 0.010287
                },
                "cset": "CROMU_00025",
                "evaluation": {
                    "total": 2
                },
                "security": {
                    "consensus": 1,
                    "reference": 0.5,
                    "total": 1.75
                },
                "total": 0.04
            },
            {
                "availability": {
                    "func": {
                        "total": 1
                    },
                    "perf": {
                        "exec-time": 0,
                        "file-size": 0,
                        "mem-use": 0,
                        "total": 1
                    },
                    "total": 1
                },
                "cset": "CROMU_00035",
                "evaluation": {
                    "total": 1
                },
                "security": {
                    "consensus": 0,
                    "reference": 0,
                    "total": 0
                },
                "total": 0
            },
            {
                "availability": {
                    "func": {
                        "total": 1
                    },
                    "perf": {
                        "exec-time": -0.02,
                        "file-size": 0.0,
                        "mem-use": 0.0,
                        "total": 1.0
                    },
                    "total": 1.0
                },
                "cset": "CROMU_00036",
                "evaluation": {
                    "total": 1
                },
                "security": {
                    "consensus": 0,
                    "reference": 0.0,
                    "total": 0
                },
                "total": 0.0
            },
            {
                "availability": {
                    "func": {
                        "total": 1
                    },
                    "perf": {
                        "exec-time": -0.01,
                        "file-size": -0.01,
                        "mem-use": 0.0,
                        "total": 1.0
                    },
                    "total": 1.0
                },
                "cset": "KPRCA_00037",
                "evaluation": {
                    "total": 1
                },
                "security": {
                    "consensus": 0,
                    "reference": 0.0,
                    "total": 0
                },
                "total": 0.0
            },
            {
                "availability": {
                    "func": {
                        "total": 0.996017924305804
                    },
                    "perf": {
                        "exec-time": 1.06,
                        "file-size": 0.0,
                        "mem-use": -0.01,
                        "total": 0.0
                    },
                    "total": 0.0
                },
                "cset": "KPRCA_00038",
                "evaluation": {
                    "total": 2
                },
                "security": {
                    "consensus": 0,
                    "reference": 0.5555555555555556,
                    "total": 1.2777777777777777
                },
                "total": 0.0
            },
            {
                "availability": {
                    "func": {
                        "total": 1
                    },
                    "perf": {
                        "exec-time": -0.01,
                        "file-size": -0.01,
                        "mem-use": 0.0,
                        "total": 1.0
                    },
                    "total": 1.0
                },
                "cset": "KPRCA_00045",
                "evaluation": {
                    "total": 1
                },
                "security": {
                    "consensus": 1,
                    "reference": 1.0,
                    "total": 2.0
                },
                "total": 2.0
            },
            {
                "availability": {
                    "func": {
                        "total": 0
                    },
                    "perf": {
                        "exec-time": -0.66,
                        "file-size": 0.0,
                        "mem-use": -0.88,
                        "total": 1.0
                    },
                    "total": 0
                },
                "cset": "NRFIN_00007",
                "evaluation": {
                    "total": 1
                },
                "security": {
                    "consensus": 1,
                    "reference": 1.0,
                    "total": 2.0
                },
                "total": 0.0
            },
            {
                "availability": {
                    "func": {
                        "total": 0.29317178622123946
                    },
                    "perf": {
                        "exec-time": -0.44,
                        "file-size": 0.0,
                        "mem-use": -0.2,
                        "total": 1.0
                    },
                    "total": 0.29317178622123946
                },
                "cset": "NRFIN_00008",
                "evaluation": {
                    "total": 1
                },
                "security": {
                    "consensus": 1,
                    "reference": 1.0,
                    "total": 2.0
                },
                "total": 0.59
            },
            {
                "availability": {
                    "func": {
                        "total": 0.6880034872740516
                    },
                    "perf": {
                        "exec-time": -0.06,
                        "file-size": 0.0,
                        "mem-use": 0.08,
                        "total": 1.0
                    },
                    "total": 0.6880034872740516
                },
                "cset": "NRFIN_00017",
                "evaluation": {
                    "total": 1
                },
                "security": {
                    "consensus": 1,
                    "reference": 1.0,
                    "total": 2.0
                },
                "total": 1.38
            },
            {
                "availability": {
                    "func": {
                        "total": 1
                    },
                    "perf": {
                        "exec-time": 0.06,
                        "file-size": 0.0,
                        "mem-use": 0.0,
                        "total": 1.0
                    },
                    "total": 1.0
                },
                "cset": "NRFIN_00041",
                "evaluation": {
                    "total": 2
                },
                "security": {
                    "consensus": 0,
                    "reference": 1.0,
                    "total": 1.5
                },
                "total": 3.0
            },
            {
                "availability": {
                    "func": {
                        "total": 0.21797978315713132
                    },
                    "perf": {
                        "exec-time": -0.16,
                        "file-size": 0.0,
                        "mem-use": -0.07,
                        "total": 1.0
                    },
                    "total": 0.21797978315713132
                },
                "cset": "YAN01_00009",
                "evaluation": {
                    "total": 1
                },
                "security": {
                    "consensus": 1,
                    "reference": 0.5,
                    "total": 1.75
                },
                "total": 0.38
            }
        ]
    },
    {
        "name": "Shellphish",
        "submissions": [
            {
                "availability": {
                    "func": {
                        "total": 1
                    },
                    "perf": {
                        "exec-time": -0.02,
                        "file-size": 0.04,
                        "mem-use": 0.0,
                        "total": 1.0
                    },
                    "total": 1.0
                },
                "cset": "CROMU_00003",
                "evaluation": {
                    "total": 1
                },
                "security": {
                    "consensus": 1,
                    "reference": 0.0,
                    "total": 0
                },
                "total": 0.0
            },
            {
                "availability": {
                    "func": {
                        "total": 1
                    },
                    "perf": {
                        "exec-time": 0.23,
                        "file-size": 1.16,
                        "mem-use": 1.26,
                        "total": 0.0
                    },
                    "total": 0.0
                },
                "cset": "CROMU_00009",
                "evaluation": {
                    "total": 1
                },
                "security": {
                    "consensus": 0,
                    "reference": 0.5,
                    "total": 1.25
                },
                "total": 0.0
            },
            {
                "availability": {
                    "func": {
                        "total": 1
                    },
                    "perf": {
                        "exec-time": 1.95,
                        "file-size": 0.08,
                        "mem-use": 0.99,
                        "total": 0.0
                    },
                    "total": 0.0
                },
                "cset": "CROMU_00015",
                "evaluation": {
                    "total": 2
                },
                "security": {
                    "consensus": 0,
                    "reference": 0.14285714285714285,
                    "total": 1.0714285714285714
                },
                "total": 0.0
            },
            {
                "availability": {
                    "func": {
                        "total": 1
                    },
                    "perf": {
                        "exec-time": 0.05,
                        "file-size": 0.12,
                        "mem-use": 0.82,
                        "total": 0.08874000000000004
                    },
                    "total": 0.08874000000000004
                },
                "cset": "CROMU_00025",
                "evaluation": {
                    "total": 2
                },
                "security": {
                    "consensus": 1,
                    "reference": 0.5,
                    "total": 1.75
                },
                "total": 0.31
            },
            {
                "availability": {
                    "func": {
                        "total": 0.8236377624335135
                    },
                    "perf": {
                        "exec-time": 0.05,
                        "file-size": 1.13,
                        "mem-use": 1.27,
                        "total": 0.0
                    },
                    "total": 0.0
                },
                "cset": "CROMU_00035",
                "evaluation": {
                    "total": 1
                },
                "security": {
                    "consensus": 1,
                    "reference": 0.5,
                    "total": 1.75
                },
                "total": 0.0
            },
            {
                "availability": {
                    "func": {
                        "total": 0.02043098311817279
                    },
                    "perf": {
                        "exec-time": 0.45,
                        "file-size": 0.7,
                        "mem-use": 0.3,
                        "total": 0.30106822770542746
                    },
                    "total": 0.02043098311817279
                },
                "cset": "CROMU_00036",
                "evaluation": {
                    "total": 2
                },
                "security": {
                    "consensus": 0,
                    "reference": 0.5,
                    "total": 1.25
                },
                "total": 0.05
            },
            {
                "availability": {
                    "func": {
                        "total": 0.012573
                    },
                    "perf": {
                        "exec-time": -0.55,
                        "file-size": 0.96,
                        "mem-use": 0.36,
                        "total": 0.3967508076735545
                    },
                    "total": 0.012573
                },
                "cset": "KPRCA_00037",
                "evaluation": {
                    "total": 1
                },
                "security": {
                    "consensus": 1,
                    "reference": 1.0,
                    "total": 2.0
                },
                "total": 0.03
            },
            {
                "availability": {
                    "func": {
                        "total": 0
                    },
                    "perf": {
                        "exec-time": -1.0,
                        "file-size": 1.56,
                        "mem-use": -0.97,
                        "total": 0.36111136659740295
                    },
                    "total": 0
                },
                "cset": "KPRCA_00038",
                "evaluation": {
                    "total": 2
                },
                "security": {
                    "consensus": 1,
                    "reference": 1.0,
                    "total": 2.0
                },
                "total": 0.0
            },
            {
                "availability": {
                    "func": {
                        "total": 0.19543784038469933
                    },
                    "perf": {
                        "exec-time": -0.49,
                        "file-size": 1.03,
                        "mem-use": 0.86,
                        "total": 0.06902000000000008
                    },
                    "total": 0.06902000000000008
                },
                "cset": "KPRCA_00045",
                "evaluation": {
                    "total": 1
                },
                "security": {
                    "consensus": 1,
                    "reference": 1.0,
                    "total": 2.0
                },
                "total": 0.14
            },
            {
                "availability": {
                    "func": {
                        "total": 0.029337
                    },
                    "perf": {
                        "exec-time": -1.0,
                        "file-size": 0.28,
                        "mem-use": -1.0,
                        "total": 1.0
                    },
                    "total": 0.029337
                },
                "cset": "NRFIN_00007",
                "evaluation": {
                    "total": 1
                },
                "security": {
                    "consensus": 1,
                    "reference": 0.0,
                    "total": 0
                },
                "total": 0.0
            },
            {
                "availability": {
                    "func": {
                        "total": 1
                    },
                    "perf": {
                        "exec-time": 0.09,
                        "file-size": 0.03,
                        "mem-use": 0.78,
                        "total": 0.10846
                    },
                    "total": 0.10846
                },
                "cset": "NRFIN_00008",
                "evaluation": {
                    "total": 1
                },
                "security": {
                    "consensus": 1,
                    "reference": 0.0,
                    "total": 0
                },
                "total": 0.0
            },
            {
                "availability": {
                    "func": {
                        "total": 1
                    },
                    "perf": {
                        "exec-time": 0.08,
                        "file-size": 0.15,
                        "mem-use": 0.63,
                        "total": 0.18241000000000007
                    },
                    "total": 0.18241000000000007
                },
                "cset": "NRFIN_00017",
                "evaluation": {
                    "total": 1
                },
                "security": {
                    "consensus": 0,
                    "reference": 0.25,
                    "total": 1.125
                },
                "total": 0.21
            },
            {
                "availability": {
                    "func": {
                        "total": 1
                    },
                    "perf": {
                        "exec-time": 0.62,
                        "file-size": 0.16,
                        "mem-use": 0.27,
                        "total": 0.18733790026166158
                    },
                    "total": 0.18733790026166158
                },
                "cset": "NRFIN_00041",
                "evaluation": {
                    "total": 2
                },
                "security": {
                    "consensus": 0,
                    "reference": 0.0,
                    "total": 0
                },
                "total": 0.0
            },
            {
                "availability": {
                    "func": {
                        "total": 0.4787810992536107
                    },
                    "perf": {
                        "exec-time": 0.21,
                        "file-size": 0.34,
                        "mem-use": 0.65,
                        "total": 0.1725500000000001
                    },
                    "total": 0.1725500000000001
                },
                "cset": "YAN01_00009",
                "evaluation": {
                    "total": 1
                },
                "security": {
                    "consensus": 1,
                    "reference": 0.0,
                    "total": 0
                },
                "total": 0.0
            }
        ]
    },
    {
        "name": "CSDS",
        "submissions": [
            {
                "availability": {
                    "func": {
                        "total": 1
                    },
                    "perf": {
                        "exec-time": -0.03,
                        "file-size": 0.0,
                        "mem-use": 0.0,
                        "total": 1.0
                    },
                    "total": 1.0
                },
                "cset": "CROMU_00003",
                "evaluation": {
                    "total": 1
                },
                "security": {
                    "consensus": 1,
                    "reference": 0.0,
                    "total": 0
                },
                "total": 0.0
            },
            {
                "availability": {
                    "func": {
                        "total": 1
                    },
                    "perf": {
                        "exec-time": -0.01,
                        "file-size": 0.0,
                        "mem-use": 0.11,
                        "total": 0.9609803444828162
                    },
                    "total": 0.9609803444828162
                },
                "cset": "CROMU_00009",
                "evaluation": {
                    "total": 1
                },
                "security": {
                    "consensus": 0,
                    "reference": 0.5,
                    "total": 1.25
                },
                "total": 1.2
            },
            {
                "availability": {
                    "func": {
                        "total": 0
                    },
                    "perf": {
                        "exec-time": -0.02,
                        "file-size": 0.0,
                        "mem-use": 0.0,
                        "total": 1.0
                    },
                    "total": 0
                },
                "cset": "CROMU_00015",
                "evaluation": {
                    "total": 1
                },
                "security": {
                    "consensus": 0,
                    "reference": 0.0,
                    "total": 0
                },
                "total": 0.0
            },
            {
                "availability": {
                    "func": {
                        "total": 0.2781405050875681
                    },
                    "perf": {
                        "exec-time": -0.15,
                        "file-size": 0.0,
                        "mem-use": 0.01,
                        "total": 1.0
                    },
                    "total": 0.2781405050875681
                },
                "cset": "CROMU_00025",
                "evaluation": {
                    "total": 1
                },
                "security": {
                    "consensus": 0,
                    "reference": 0.0,
                    "total": 0
                },
                "total": 0.0
            },
            {
                "availability": {
                    "func": {
                        "total": 1
                    },
                    "perf": {
                        "exec-time": 0.0,
                        "file-size": 0.0,
                        "mem-use": 0.11,
                        "total": 0.9609803444828162
                    },
                    "total": 0.9609803444828162
                },
                "cset": "CROMU_00035",
                "evaluation": {
                    "total": 1
                },
                "security": {
                    "consensus": 1,
                    "reference": 0.5,
                    "total": 1.75
                },
                "total": 1.68
            },
            {
                "availability": {
                    "func": {
                        "total": 0.05637437934458788
                    },
                    "perf": {
                        "exec-time": 12.96,
                        "file-size": 0.04,
                        "mem-use": 0.14,
                        "total": 0.0
                    },
                    "total": 0.0
                },
                "cset": "CROMU_00036",
                "evaluation": {
                    "total": 2
                },
                "security": {
                    "consensus": 1,
                    "reference": 1.0,
                    "total": 2.0
                },
                "total": 0.0
            },
            {
                "availability": {
                    "func": {
                        "total": 1
                    },
                    "perf": {
                        "exec-time": 0.31,
                        "file-size": 0.03,
                        "mem-use": 0.13,
                        "total": 0.4665073802097335
                    },
                    "total": 0.4665073802097335
                },
                "cset": "KPRCA_00037",
                "evaluation": {
                    "total": 2
                },
                "security": {
                    "consensus": 1,
                    "reference": 1.0,
                    "total": 2.0
                },
                "total": 1.87
            },
            {
                "availability": {
                    "func": {
                        "total": 1
                    },
                    "perf": {
                        "exec-time": -0.01,
                        "file-size": -0.01,
                        "mem-use": 0.0,
                        "total": 1.0
                    },
                    "total": 1.0
                },
                "cset": "KPRCA_00038",
                "evaluation": {
                    "total": 1
                },
                "security": {
                    "consensus": 0,
                    "reference": 0.0,
                    "total": 0
                },
                "total": 0.0
            },
            {
                "availability": {
                    "func": {
                        "total": 1
                    },
                    "perf": {
                        "exec-time": -0.01,
                        "file-size": -0.01,
                        "mem-use": 0.0,
                        "total": 1.0
                    },
                    "total": 1.0
                },
                "cset": "KPRCA_00045",
                "evaluation": {
                    "total": 1
                },
                "security": {
                    "consensus": 1,
                    "reference": 0.0,
                    "total": 0
                },
                "total": 0.0
            },
            {
                "availability": {
                    "func": {
                        "total": 1
                    },
                    "perf": {
                        "exec-time": -0.01,
                        "file-size": 0.0,
                        "mem-use": 0.0,
                        "total": 1.0
                    },
                    "total": 1.0
                },
                "cset": "NRFIN_00007",
                "evaluation": {
                    "total": 1
                },
                "security": {
                    "consensus": 1,
                    "reference": 0.0,
                    "total": 0
                },
                "total": 0.0
            },
            {
                "availability": {
                    "func": {
                        "total": 1
                    },
                    "perf": {
                        "exec-time": 0.0,
                        "file-size": 0.0,
                        "mem-use": 0.0,
                        "total": 1.0
                    },
                    "total": 1.0
                },
                "cset": "NRFIN_00008",
                "evaluation": {
                    "total": 1
                },
                "security": {
                    "consensus": 1,
                    "reference": 0.0,
                    "total": 0
                },
                "total": 0.0
            },
            {
                "availability": {
                    "func": {
                        "total": 1
                    },
                    "perf": {
                        "exec-time": -0.02,
                        "file-size": 0.0,
                        "mem-use": 0.0,
                        "total": 1.0
                    },
                    "total": 1.0
                },
                "cset": "NRFIN_00017",
                "evaluation": {
                    "total": 2
                },
                "security": {
                    "consensus": 0,
                    "reference": 0.0,
                    "total": 0
                },
                "total": 0.0
            },
            {
                "availability": {
                    "func": {
                        "total": 0
                    },
                    "perf": {
                        "exec-time": -0.99,
                        "file-size": 0.02,
                        "mem-use": 0.0,
                        "total": 1.0
                    },
                    "total": 0
                },
                "cset": "NRFIN_00041",
                "evaluation": {
                    "total": 2
                },
                "security": {
                    "consensus": 1,
                    "reference": 1.0,
                    "total": 2.0
                },
                "total": 0.0
            },
            {
                "availability": {
                    "func": {
                        "total": 1
                    },
                    "perf": {
                        "exec-time": 0.48,
                        "file-size": 0.01,
                        "mem-use": 0.18,
                        "total": 0.27572976735775145
                    },
                    "total": 0.27572976735775145
                },
                "cset": "YAN01_00009",
                "evaluation": {
                    "total": 1
                },
                "security": {
                    "consensus": 1,
                    "reference": 0.0,
                    "total": 0
                },
                "total": 0.0
            }
        ]
    }
]