{
"$id": "1",
"Chain": {
"$id": "2",
"RootGroup": {
"$id": "3",
"Groups": {
"$id": "4",
"$values": []
},
"Nodes": {
"$id": "5",
"$values": [
{
"$id": "6",
"$type": "Adapters.ChallengeSets.BinsetAdapter, Assembly-CSharp",
"BinsetId": {
"$id": "7",
"AbsoluteKey": "BinsetId",
"SchemaSource": 1
},
"BinaryStatsTarget": {
"$id": "8",
"AbsoluteKey": "Binary Stats"
},
"Comment": "",
"Router": {
"$id": "9",
"SelectionStates": {
"$id": "10",
"$values": [
{
"$id": "11",
"Name": "Per Binset",
"Targets": {
"$id": "12",
"$values": [
{
"$id": "13",
"$type": "Mutation.Mutators.InsertIndexMutator, Assembly-CSharp",
"IndexTarget": {
"$id": "14",
"AbsoluteKey": "Binary Stats.Local Index"
},
"Comment": "",
"Router": {
"$id": "15",
"SelectionStates": {
"$id": "16",
"$values": [
{
"$id": "17",
"Name": "Default",
"Targets": {
"$id": "18",
"$values": [
{
"$id": "19",
"$type": "Mutation.Mutators.Axes.ArrityTypeAxes.CastIntToFloat, Assembly-CSharp",
"AxisKey": {
"$id": "20",
"AbsoluteKey": "Binary Stats.Local Index",
"SchemaSource": 1
},
"TargetField": {
"$id": "21",
"AbsoluteKey": "Binary Stats.Local Index Float"
},
"Comment": "",
"Router": {
"$id": "22",
"SelectionStates": {
"$id": "23",
"$values": [
{
"$id": "24",
"Name": "Default",
"Targets": {
"$id": "25",
"$values": [
{
"$id": "26",
"$type": "Mutation.Mutators.ArithmeticOperators.FloatBinaryOperationsMutator, Assembly-CSharp",
"PrimaryOperand": {
"$id": "27",
"AbsoluteKey": "Float Value",
"SchemaSource": 1
},
"Operation": {
"$id": "28",
"LiteralValue": "Multiply",
"SchemaSource": 0
},
"SecondaryOperand": {
"$id": "29",
"LiteralValue": 3.0,
"SchemaSource": 0
},
"OutputValue": {
"$id": "30",
"AbsoluteKey": "Float Value"
},
"Comment": "",
"Router": {
"$id": "31",
"SelectionStates": {
"$id": "32",
"$values": [
{
"$id": "33",
"Name": "Default",
"Targets": {
"$id": "34",
"$values": [
{
"$id": "35",
"$type": "Mutation.Mutators.ArithmeticOperators.FloatBinaryOperationsMutator, Assembly-CSharp",
"PrimaryOperand": {
"$id": "36",
"AbsoluteKey": "Binary Stats.Local Index Float",
"SchemaSource": 1
},
"Operation": {
"$id": "37",
"LiteralValue": "Add",
"SchemaSource": 0
},
"SecondaryOperand": {
"$id": "38",
"AbsoluteKey": "Float Value",
"SchemaSource": 1
},
"OutputValue": {
"$id": "39",
"AbsoluteKey": "Binary Stats.Vertical Offset"
},
"Comment": "",
"Router": {
"$id": "40",
"SelectionStates": {
"$id": "41",
"$values": [
{
"$id": "42",
"Name": "Default",
"Targets": {
"$id": "43",
"$values": [
{
"$id": "44",
"$type": "Mutation.Mutators.SpatialMutators.InsertVector3Mutator, Assembly-CSharp",
"VectorScope": {
"$id": "45",
"AbsoluteKey": "Binary Stats"
},
"XValue": {
"$id": "46",
"AbsoluteKey": "Binary Stats.Local Index Float",
"SchemaSource": 1
},
"YValue": {
"$id": "47",
"AbsoluteKey": "Binary Stats.Vertical Offset",
"SchemaSource": 1
},
"ZValue": {
"$id": "48",
"LiteralValue": 0.0,
"SchemaSource": 0
},
"Vector3Target": {
"$id": "49",
"AbsoluteKey": "Binary Stats.Vector"
},
"Comment": "",
"Router": {
"$id": "50",
"SelectionStates": {
"$id": "51",
"$values": [
{
"$id": "52",
"Name": "Default",
"Targets": {
"$id": "53",
"$values": [
{
"$id": "54",
"$type": "Mutation.Mutators.FormatStringMutator, Assembly-CSharp",
"FormatString": {
"$id": "55",
"LiteralValue": "Binary {0}:  {1:N0} bytes",
"SchemaSource": 0
},
"PrimaryArgument": {
"$id": "56",
"AbsoluteKey": "Binary Stats.File Hash",
"SchemaSource": 1
},
"SecondaryArgument": {
"$id": "57",
"AbsoluteKey": "Binary Stats.File Size",
"SchemaSource": 1
},
"TargetString": {
"$id": "58",
"AbsoluteKey": "Binary Stats.Formatted String"
},
"Comment": "",
"Router": {
"$id": "59",
"SelectionStates": {
"$id": "60",
"$values": [
{
"$id": "61",
"Name": "Default",
"Targets": {
"$id": "62",
"$values": [
{
"$id": "63",
"$type": "Mutation.Mutators.EnumeratorIterator, Assembly-CSharp",
"EntryField": {
"$id": "64",
"AbsoluteKey": "Binary Stats"
},
"Comment": "",
"Router": {
"$id": "65",
"SelectionStates": {
"$id": "66",
"$values": [
{
"$id": "67",
"Name": "Normal",
"Targets": {
"$id": "68",
"$values": []
}
},
{
"$id": "69",
"Name": "Selected",
"Targets": {
"$id": "70",
"$values": []
}
},
{
"$id": "71",
"Name": "None Selected",
"Targets": {
"$id": "72",
"$values": [
{
"$id": "73",
"$type": "Mutation.Mutators.BoundManipulationMutators.TransformBoundMutator, Assembly-CSharp",
"ScaleMultiplier": {
"$id": "74",
"LiteralValue": {
"x": 1.0,
"y": 1.0,
"z": 1.0
},
"SchemaSource": 0
},
"RotationMultiplier": {
"$id": "75",
"LiteralValue": {
"x": 0.0,
"y": 0.0,
"z": 0.0,
"w": 1.0
},
"SchemaSource": 0
},
"TranslationOffset": {
"$id": "76",
"AbsoluteKey": "Vector",
"SchemaSource": 1
},
"PostOperation": {
"$id": "77",
"LiteralValue": true,
"SchemaSource": 0
},
"LocalSpace": {
"$id": "78",
"LiteralValue": true,
"SchemaSource": 0
},
"Comment": "",
"Router": {
"$id": "79",
"SelectionStates": {
"$id": "80",
"$values": [
{
"$id": "81",
"Name": "Default",
"Targets": {
"$id": "82",
"$values": [
{
"$id": "83",
"$type": "Visualizers.LabelController.LabelController, Assembly-CSharp",
"LabelText": {
"$id": "84",
"AbsoluteKey": "Formatted String",
"SchemaSource": 1
},
"ShowBackground": {
"$id": "85",
"LiteralValue": true,
"SchemaSource": 0
},
"Orientation": {
"$id": "86",
"LiteralValue": 0,
"SchemaSource": 0
},
"FontSize": {
"$id": "87",
"LiteralValue": 64,
"SchemaSource": 0
},
"FontColor": {
"$id": "88",
"LiteralValue": {
"r": 0.0,
"g": 0.0,
"b": 0.0,
"a": 1.0
},
"SchemaSource": 0
},
"FontName": {
"$id": "89",
"LiteralValue": "altdin",
"SchemaSource": 0
},
"Justification": {
"$id": "90",
"LiteralValue": 0,
"SchemaSource": 0
},
"VerticalJustification": {
"$id": "91",
"LiteralValue": 0,
"SchemaSource": 0
},
"BackgroundPadding": {
"$id": "92",
"LiteralValue": 0.2,
"SchemaSource": 0
},
"BackgroundDepth": {
"$id": "93",
"LiteralValue": 1.0,
"SchemaSource": 0
},
"MinHeight": {
"$id": "94",
"LiteralValue": -1.0,
"SchemaSource": 0
},
"MaxHeight": {
"$id": "95",
"LiteralValue": -1.0,
"SchemaSource": 0
},
"CharactersPerLine": {
"$id": "96",
"LiteralValue": -1,
"SchemaSource": 0
},
"MaxLines": {
"$id": "97",
"LiteralValue": -1,
"SchemaSource": 0
},
"Comment": "",
"Router": {
"$id": "98",
"SelectionStates": {
"$id": "99",
"$values": [
{
"$id": "100",
"Name": "Default",
"Targets": {
"$id": "101",
"$values": []
}
},
{
"$id": "102",
"Name": "On Click",
"Targets": {
"$id": "103",
"$values": []
}
}
]
}
},
"ExplicitlyDisabled": false
}
]
}
}
]
}
},
"ExplicitlyDisabled": false
}
]
}
},
{
"$id": "104",
"Name": "Normal (Group)",
"Targets": {
"$id": "105",
"$values": []
}
},
{
"$id": "106",
"Name": "Selected (Group)",
"Targets": {
"$id": "107",
"$values": []
}
},
{
"$id": "108",
"Name": "None Selected (Group)",
"Targets": {
"$id": "109",
"$values": []
}
}
]
}
},
"ExplicitlyDisabled": false
}
]
}
}
]
}
},
"ExplicitlyDisabled": false
}
]
}
}
]
}
},
"ExplicitlyDisabled": false
}
]
}
}
]
}
},
"ExplicitlyDisabled": false
}
]
}
}
]
}
},
"ExplicitlyDisabled": false
}
]
}
}
]
}
},
"ExplicitlyDisabled": false
}
]
}
}
]
}
},
"ExplicitlyDisabled": false
}
]
}
}
]
}
},
"ExplicitlyDisabled": false
},
{
"$ref": "13"
},
{
"$ref": "19"
},
{
"$ref": "44"
},
{
"$ref": "63"
},
{
"$ref": "73"
},
{
"$ref": "54"
},
{
"$ref": "83"
},
{
"$id": "110",
"$type": "Experimental.ExperimentalArrayOfIntsNode, Assembly-CSharp",
"NumberOfInts": {
"$id": "111",
"LiteralValue": 20,
"SchemaSource": 0
},
"Comment": "",
"Router": {
"$id": "112",
"SelectionStates": {
"$id": "113",
"$values": [
{
"$id": "114",
"Name": "Default",
"Targets": {
"$id": "115",
"$values": [
{
"$id": "116",
"$type": "Mutation.Mutators.ArithmeticOperators.IntBinaryOperationsMutator, Assembly-CSharp",
"PrimaryOperand": {
"$id": "117",
"AbsoluteKey": "IntsList.Int Value",
"SchemaSource": 1
},
"Operation": {
"$id": "118",
"LiteralValue": "Add",
"SchemaSource": 0
},
"SecondaryOperand": {
"$id": "119",
"LiteralValue": 100,
"SchemaSource": 0
},
"OutputValue": {
"$id": "120",
"AbsoluteKey": "IntsList.BinsetId"
},
"Comment": "",
"Router": {
"$id": "121",
"SelectionStates": {
"$id": "122",
"$values": [
{
"$id": "123",
"Name": "Default",
"Targets": {
"$id": "124",
"$values": [
{
"$id": "125",
"$type": "Mutation.Mutators.Axes.ArrityTypeAxes.CastIntToFloat, Assembly-CSharp",
"AxisKey": {
"$id": "126",
"AbsoluteKey": "IntsList.Int Value",
"SchemaSource": 1
},
"TargetField": {
"$id": "127",
"AbsoluteKey": "IntsList.Float Value"
},
"Comment": "",
"Router": {
"$id": "128",
"SelectionStates": {
"$id": "129",
"$values": [
{
"$id": "130",
"Name": "Default",
"Targets": {
"$id": "131",
"$values": [
{
"$id": "132",
"$type": "Mutation.Mutators.EnumeratorIterator, Assembly-CSharp",
"EntryField": {
"$id": "133",
"AbsoluteKey": "IntsList"
},
"Comment": "",
"Router": {
"$id": "134",
"SelectionStates": {
"$id": "135",
"$values": [
{
"$id": "136",
"Name": "Normal",
"Targets": {
"$id": "137",
"$values": []
}
},
{
"$id": "138",
"Name": "Selected",
"Targets": {
"$id": "139",
"$values": []
}
},
{
"$id": "140",
"Name": "None Selected",
"Targets": {
"$id": "141",
"$values": [
{
"$ref": "6"
}
]
}
},
{
"$id": "142",
"Name": "Normal (Group)",
"Targets": {
"$id": "143",
"$values": []
}
},
{
"$id": "144",
"Name": "Selected (Group)",
"Targets": {
"$id": "145",
"$values": []
}
},
{
"$id": "146",
"Name": "None Selected (Group)",
"Targets": {
"$id": "147",
"$values": []
}
}
]
}
},
"ExplicitlyDisabled": false
}
]
}
}
]
}
},
"ExplicitlyDisabled": false
}
]
}
}
]
}
},
"ExplicitlyDisabled": false
}
]
}
}
]
}
},
"ExplicitlyDisabled": false
},
{
"$ref": "116"
},
{
"$ref": "125"
},
{
"$ref": "132"
},
{
"$ref": "35"
},
{
"$ref": "26"
}
]
},
"Comment": ""
}
},
"ChainViewModel": {
"$id": "148",
"RootGroupViewModel": {
"$id": "149",
"Group": {
"$ref": "3"
},
"Position": {
"x": 0.0,
"y": 0.0,
"z": 0.0
},
"RelativePath": "",
"NodeViewModels": {
"$id": "150",
"$values": [
{
"$id": "151",
"ChainNode": {
"$ref": "6"
},
"Position": {
"x": -50.0,
"y": -100.0,
"z": 0.0
},
"Expanded": true
},
{
"$id": "152",
"ChainNode": {
"$ref": "13"
},
"Position": {
"x": 200.0,
"y": -300.0,
"z": 0.0
},
"Expanded": true
},
{
"$id": "153",
"ChainNode": {
"$ref": "19"
},
"Position": {
"x": 200.0,
"y": -500.0,
"z": 0.0
},
"Expanded": true
},
{
"$id": "154",
"ChainNode": {
"$ref": "44"
},
"Position": {
"x": 550.0,
"y": -500.0,
"z": 0.0
},
"Expanded": true
},
{
"$id": "155",
"ChainNode": {
"$ref": "63"
},
"Position": {
"x": 900.0,
"y": -500.0,
"z": 0.0
},
"Expanded": true
},
{
"$id": "156",
"ChainNode": {
"$ref": "73"
},
"Position": {
"x": 1250.0,
"y": -500.0,
"z": 0.0
},
"Expanded": true
},
{
"$id": "157",
"ChainNode": {
"$ref": "54"
},
"Position": {
"x": 550.0,
"y": -800.0,
"z": 0.0
},
"Expanded": true
},
{
"$id": "158",
"ChainNode": {
"$ref": "83"
},
"Position": {
"x": 1600.0,
"y": -500.0,
"z": 0.0
},
"Expanded": true
},
{
"$id": "159",
"ChainNode": {
"$ref": "110"
},
"Position": {
"x": -450.0,
"y": -100.0,
"z": 0.0
},
"Expanded": true
},
{
"$id": "160",
"ChainNode": {
"$ref": "116"
},
"Position": {
"x": -450.0,
"y": -250.0,
"z": 0.0
},
"Expanded": true
},
{
"$id": "161",
"ChainNode": {
"$ref": "125"
},
"Position": {
"x": -450.0,
"y": -500.0,
"z": 0.0
},
"Expanded": true
},
{
"$id": "162",
"ChainNode": {
"$ref": "132"
},
"Position": {
"x": -450.0,
"y": -750.000061,
"z": 0.0
},
"Expanded": true
},
{
"$id": "163",
"ChainNode": {
"$ref": "35"
},
"Position": {
"x": 200.0,
"y": -950.0,
"z": 0.0
},
"Expanded": true
},
{
"$id": "164",
"ChainNode": {
"$ref": "26"
},
"Position": {
"x": 200.0,
"y": -750.000061,
"z": 0.0
},
"Expanded": true
}
]
},
"GroupViewModels": {
"$id": "165",
"$values": []
}
},
"NodeViewModels": null
},
"Choreography": {
"$id": "166",
"Timeline": {
"$id": "167",
"StartStep": {
"$id": "168",
"$type": "Choreography.Steps.Timeline.TimelineStartStep, Assembly-CSharp",
"Delay": 0.0,
"Note": "",
"Router": {
"$id": "169",
"Events": {
"$id": "170",
"$values": [
{
"$id": "171",
"Name": "Start",
"Targets": {
"$id": "172",
"$values": []
}
}
]
}
},
"NameOverride": null
}
}
}
}