{
"$id": "1",
"Chain": {
"$id": "2",
"RootGroup": {
"$id": "3",
"Groups": {
"$id": "4",
"$values": [
{
"$id": "5",
"Groups": {
"$id": "6",
"$values": []
},
"Nodes": {
"$id": "7",
"$values": [
{
"$id": "8",
"$type": "Adapters.GameEvents.GameEventFromTraceApiAdapter, Assembly-CSharp",
"RoundIndexField": {
"$id": "9",
"GlobalParameterKey": "Round Number",
"SchemaSource": 3
},
"GameEventsTarget": {
"$id": "10",
"AbsoluteKey": "Game Events"
},
"Comment": "",
"Router": {
"$id": "11",
"SelectionStates": {
"$id": "12",
"$values": [
{
"$id": "13",
"Name": "All",
"Targets": {
"$id": "14",
"$values": [
{
"$id": "15",
"$type": "GroupSplitters.StringMatchSplitter, Assembly-CSharp",
"Scope": {
"$id": "16",
"AbsoluteKey": ""
},
"EntryField": {
"$id": "17",
"AbsoluteKey": "Game Events.Rounds.Events"
},
"StringProperty": {
"$id": "18",
"AbsoluteKey": "Game Events.Rounds.Events.TypeString",
"SchemaSource": 1
},
"StringArgument": {
"$id": "19",
"LiteralValue": "PovThrow",
"SchemaSource": 0
},
"NewPayloadOnly": {
"$id": "20",
"LiteralValue": true,
"SchemaSource": 0
},
"SelectedListTarget": {
"$id": "21",
"AbsoluteKey": "Entries"
},
"UnSelectedListTarget": {
"$id": "22",
"AbsoluteKey": "Unselected Entries"
},
"AllowEmptyLists": {
"$id": "23",
"LiteralValue": false,
"SchemaSource": 0
},
"Comment": "",
"Router": {
"$id": "24",
"SelectionStates": {
"$id": "25",
"$values": [
{
"$id": "26",
"Name": "Selected",
"Targets": {
"$id": "27",
"$values": [
{
"$id": "28",
"$type": "Mutation.Mutators.Axes.ArrityTypeAxes.TruncateLongToInt, Assembly-CSharp",
"AxisKey": {
"$id": "29",
"AbsoluteKey": "Entries.Target Cs ID",
"SchemaSource": 1
},
"TargetField": {
"$id": "30",
"AbsoluteKey": "Entries.Target Cs ID int"
},
"Comment": "",
"Router": {
"$id": "31",
"SelectionStates": {
"$id": "32",
"$values": [
{
"$id": "33",
"Name": "Default",
"Targets": {
"$id": "34",
"$values": [
{
"$id": "35",
"$type": "Mutation.Mutators.Axes.DistinctValueAxes.DistinctIntToIndexAxis, Assembly-CSharp",
"AxisKey": {
"$id": "36",
"AbsoluteKey": "Entries.Target Cs ID int",
"SchemaSource": 1
},
"IndexAxis": {
"$id": "37",
"AbsoluteKey": "Entries.Index Axis"
},
"GroupId": {
"$id": "38",
"LiteralValue": "",
"SchemaSource": 0
},
"Comment": "",
"Router": {
"$id": "39",
"SelectionStates": {
"$id": "40",
"$values": [
{
"$id": "41",
"Name": "Default",
"Targets": {
"$id": "42",
"$values": [
{
"$id": "43",
"$type": "Mutation.Mutators.Regrouping.RegroupByDistinctIndexMutator, Assembly-CSharp",
"MetaScope": {
"$id": "44",
"AbsoluteKey": ""
},
"Scope": {
"$id": "45",
"AbsoluteKey": "Entries"
},
"Discriminant": {
"$id": "46",
"AbsoluteKey": "Entries.Index Axis",
"SchemaSource": 1
},
"EntriesTarget": {
"$id": "47",
"AbsoluteKey": "CS IDs"
},
"Comment": "",
"Router": {
"$id": "48",
"SelectionStates": {
"$id": "49",
"$values": [
{
"$id": "50",
"Name": "Default",
"Targets": {
"$id": "51",
"$values": [
{
"$id": "52",
"$type": "Mutation.Mutators.RemoveDataMutator, Assembly-CSharp",
"DataToRemove": {
"$id": "53",
"AbsoluteKey": "Entries",
"SchemaSource": 1
},
"Comment": "",
"Router": {
"$id": "54",
"SelectionStates": {
"$id": "55",
"$values": [
{
"$id": "56",
"Name": "Default",
"Targets": {
"$id": "57",
"$values": [
{
"$id": "58",
"$type": "Mutation.Mutators.CopyOperations.ScopedCopyMutator, Assembly-CSharp",
"Scope": {
"$id": "59",
"AbsoluteKey": "CS IDs"
},
"CopyValue": {
"$id": "60",
"AbsoluteKey": "CS IDs.Entries.Target Cs ID int",
"SchemaSource": 1
},
"CopyTarget": {
"$id": "61",
"AbsoluteKey": "CS IDs.CS ID"
},
"Comment": "",
"Router": {
"$id": "62",
"SelectionStates": {
"$id": "63",
"$values": [
{
"$id": "64",
"Name": "Default",
"Targets": {
"$id": "65",
"$values": [
{
"$id": "66",
"$type": "Mutation.Mutators.FormatStringMutator, Assembly-CSharp",
"FormatString": {
"$id": "67",
"LiteralValue": "CS ID: {0}",
"SchemaSource": 0
},
"PrimaryArgument": {
"$id": "68",
"AbsoluteKey": "CS IDs.CS ID",
"SchemaSource": 1
},
"SecondaryArgument": {
"$id": "69",
"LiteralValue": "",
"SchemaSource": 0
},
"TargetString": {
"$id": "70",
"AbsoluteKey": "CS IDs.Formatted String"
},
"Comment": "",
"Router": {
"$id": "71",
"SelectionStates": {
"$id": "72",
"$values": [
{
"$id": "73",
"Name": "Default",
"Targets": {
"$id": "74",
"$values": [
{
"$id": "75",
"$type": "Mutation.Mutators.CopyOperations.ScopedCopyMutator, Assembly-CSharp",
"Scope": {
"$id": "76",
"AbsoluteKey": "CS IDs"
},
"CopyValue": {
"$id": "77",
"AbsoluteKey": "CS IDs.Entries.Index Axis",
"SchemaSource": 1
},
"CopyTarget": {
"$id": "78",
"AbsoluteKey": "CS IDs.Index"
},
"Comment": "",
"Router": {
"$id": "79",
"SelectionStates": {
"$id": "80",
"$values": [
{
"$id": "81",
"Name": "Default",
"Targets": {
"$id": "82",
"$values": [
{
"$id": "83",
"$type": "Mutation.Mutators.Axes.ArrityTypeAxes.CastIntToFloat, Assembly-CSharp",
"AxisKey": {
"$id": "84",
"AbsoluteKey": "CS IDs.Index",
"SchemaSource": 1
},
"TargetField": {
"$id": "85",
"AbsoluteKey": "CS IDs.Index Float"
},
"Comment": "",
"Router": {
"$id": "86",
"SelectionStates": {
"$id": "87",
"$values": [
{
"$id": "88",
"Name": "Default",
"Targets": {
"$id": "89",
"$values": [
{
"$id": "90",
"$type": "Mutation.Mutators.SpatialMutators.InsertVector3Mutator, Assembly-CSharp",
"VectorScope": {
"$id": "91",
"AbsoluteKey": "CS IDs"
},
"XValue": {
"$id": "92",
"LiteralValue": 0.0,
"SchemaSource": 0
},
"YValue": {
"$id": "93",
"AbsoluteKey": "CS IDs.Index Float",
"SchemaSource": 1
},
"ZValue": {
"$id": "94",
"LiteralValue": 0.0,
"SchemaSource": 0
},
"Vector3Target": {
"$id": "95",
"AbsoluteKey": "CS IDs.Vector"
},
"Comment": "",
"Router": {
"$id": "96",
"SelectionStates": {
"$id": "97",
"$values": [
{
"$id": "98",
"Name": "Default",
"Targets": {
"$id": "99",
"$values": [
{
"$id": "100",
"$type": "Mutation.Mutators.EnumeratorIterator, Assembly-CSharp",
"EntryField": {
"$id": "101",
"AbsoluteKey": "CS IDs"
},
"Comment": "",
"Router": {
"$id": "102",
"SelectionStates": {
"$id": "103",
"$values": [
{
"$id": "104",
"Name": "Normal",
"Targets": {
"$id": "105",
"$values": []
}
},
{
"$id": "106",
"Name": "Selected",
"Targets": {
"$id": "107",
"$values": []
}
},
{
"$id": "108",
"Name": "None Selected",
"Targets": {
"$id": "109",
"$values": [
{
"$id": "110",
"$type": "Mutation.Mutators.BoundManipulationMutators.TransformBoundMutator, Assembly-CSharp",
"ScaleMultiplier": {
"$id": "111",
"LiteralValue": {
"x": 1.0,
"y": 1.0,
"z": 1.0
},
"SchemaSource": 0
},
"RotationMultiplier": {
"$id": "112",
"LiteralValue": {
"x": 0.0,
"y": 0.0,
"z": 0.0,
"w": 1.0
},
"SchemaSource": 0
},
"TranslationOffset": {
"$id": "113",
"AbsoluteKey": "Vector",
"SchemaSource": 1
},
"PostOperation": {
"$id": "114",
"LiteralValue": true,
"SchemaSource": 0
},
"LocalSpace": {
"$id": "115",
"LiteralValue": false,
"SchemaSource": 0
},
"Comment": "",
"Router": {
"$id": "116",
"SelectionStates": {
"$id": "117",
"$values": [
{
"$id": "118",
"Name": "Default",
"Targets": {
"$id": "119",
"$values": [
{
"$id": "120",
"$type": "Visualizers.LabelController.LabelController, Assembly-CSharp",
"LabelText": {
"$id": "121",
"AbsoluteKey": "Formatted String",
"SchemaSource": 1
},
"ShowBackground": {
"$id": "122",
"LiteralValue": true,
"SchemaSource": 0
},
"Orientation": {
"$id": "123",
"LiteralValue": 0,
"SchemaSource": 0
},
"FontSize": {
"$id": "124",
"LiteralValue": 64,
"SchemaSource": 0
},
"FontColor": {
"$id": "125",
"LiteralValue": {
"r": 0.0,
"g": 0.0,
"b": 0.0,
"a": 1.0
},
"SchemaSource": 0
},
"FontName": {
"$id": "126",
"LiteralValue": "altdin",
"SchemaSource": 0
},
"Justification": {
"$id": "127",
"LiteralValue": 0,
"SchemaSource": 0
},
"VerticalJustification": {
"$id": "128",
"LiteralValue": 0,
"SchemaSource": 0
},
"BackgroundPadding": {
"$id": "129",
"LiteralValue": 0.2,
"SchemaSource": 0
},
"BackgroundDepth": {
"$id": "130",
"LiteralValue": 1.0,
"SchemaSource": 0
},
"MinHeight": {
"$id": "131",
"LiteralValue": -1.0,
"SchemaSource": 0
},
"MaxHeight": {
"$id": "132",
"LiteralValue": -1.0,
"SchemaSource": 0
},
"CharactersPerLine": {
"$id": "133",
"LiteralValue": -1,
"SchemaSource": 0
},
"MaxLines": {
"$id": "134",
"LiteralValue": -1,
"SchemaSource": 0
},
"Comment": "",
"Router": {
"$id": "135",
"SelectionStates": {
"$id": "136",
"$values": [
{
"$id": "137",
"Name": "Default",
"Targets": {
"$id": "138",
"$values": []
}
},
{
"$id": "139",
"Name": "On Click",
"Targets": {
"$id": "140",
"$values": []
}
}
]
}
},
"ExplicitlyDisabled": false
}
]
}
}
]
}
},
"ExplicitlyDisabled": false
}
]
}
},
{
"$id": "141",
"Name": "Normal (Group)",
"Targets": {
"$id": "142",
"$values": []
}
},
{
"$id": "143",
"Name": "Selected (Group)",
"Targets": {
"$id": "144",
"$values": []
}
},
{
"$id": "145",
"Name": "None Selected (Group)",
"Targets": {
"$id": "146",
"$values": []
}
}
]
}
},
"ExplicitlyDisabled": false
}
]
}
}
]
}
},
"ExplicitlyDisabled": false
}
]
}
}
]
}
},
"ExplicitlyDisabled": false
}
]
}
}
]
}
},
"ExplicitlyDisabled": false
}
]
}
}
]
}
},
"ExplicitlyDisabled": false
}
]
}
}
]
}
},
"ExplicitlyDisabled": false
}
]
}
}
]
}
},
"ExplicitlyDisabled": false
}
]
}
}
]
}
},
"ExplicitlyDisabled": false
}
]
}
}
]
}
},
"ExplicitlyDisabled": false
}
]
}
}
]
}
},
"ExplicitlyDisabled": false
}
]
}
},
{
"$id": "147",
"Name": "Unselected",
"Targets": {
"$id": "148",
"$values": []
}
}
]
}
},
"ExplicitlyDisabled": false
}
]
}
}
]
}
},
"ExplicitlyDisabled": false
},
{
"$ref": "15"
},
{
"$ref": "35"
},
{
"$ref": "28"
},
{
"$ref": "43"
},
{
"$ref": "52"
},
{
"$ref": "58"
},
{
"$ref": "66"
},
{
"$ref": "83"
},
{
"$ref": "75"
},
{
"$ref": "90"
},
{
"$ref": "100"
},
{
"$ref": "110"
},
{
"$ref": "120"
},
{
"$id": "149",
"$type": "Mutation.Mutators.BoundManipulationMutators.TransformBoundMutator, Assembly-CSharp",
"ScaleMultiplier": {
"$id": "150",
"LiteralValue": {
"x": 1.0,
"y": 1.0,
"z": 1.0
},
"SchemaSource": 0
},
"RotationMultiplier": {
"$id": "151",
"LiteralValue": {
"x": 0.0,
"y": 0.0,
"z": 0.0,
"w": 1.0
},
"SchemaSource": 0
},
"TranslationOffset": {
"$id": "152",
"LiteralValue": {
"x": 10.0,
"y": 0.0,
"z": 0.0
},
"SchemaSource": 0
},
"PostOperation": {
"$id": "153",
"LiteralValue": true,
"SchemaSource": 0
},
"LocalSpace": {
"$id": "154",
"LiteralValue": false,
"SchemaSource": 0
},
"Comment": "",
"Router": {
"$id": "155",
"SelectionStates": {
"$id": "156",
"$values": [
{
"$id": "157",
"Name": "Default",
"Targets": {
"$id": "158",
"$values": [
{
"$ref": "8"
}
]
}
}
]
}
},
"ExplicitlyDisabled": false
}
]
},
"Comment": ""
},
{
"$id": "159",
"Groups": {
"$id": "160",
"$values": []
},
"Nodes": {
"$id": "161",
"$values": [
{
"$id": "162",
"$type": "Adapters.GlobalParameters.CommandLineArgumentAdapter, Assembly-CSharp",
"ParameterName": {
"$id": "163",
"LiteralValue": "Round",
"SchemaSource": 0
},
"DefaultValue": {
"$id": "164",
"LiteralValue": "5",
"SchemaSource": 0
},
"ParameterTarget": {
"$id": "165",
"AbsoluteKey": "New Param"
},
"Comment": "",
"Router": {
"$id": "166",
"SelectionStates": {
"$id": "167",
"$values": [
{
"$id": "168",
"Name": "Default",
"Targets": {
"$id": "169",
"$values": [
{
"$id": "170",
"$type": "Mutation.Mutators.Axes.ArrityTypeAxes.ParseStringToInt, Assembly-CSharp",
"AxisKey": {
"$id": "171",
"AbsoluteKey": "New Param",
"SchemaSource": 1
},
"TargetField": {
"$id": "172",
"AbsoluteKey": "New Key"
},
"Comment": "",
"Router": {
"$id": "173",
"SelectionStates": {
"$id": "174",
"$values": [
{
"$id": "175",
"Name": "Default",
"Targets": {
"$id": "176",
"$values": [
{
"$id": "177",
"$type": "Adapters.GlobalParameters.WriteGlobalValueNode, Assembly-CSharp",
"Parameter": {
"$id": "178",
"AbsoluteKey": "New Key",
"SchemaSource": 1
},
"ParameterName": {
"$id": "179",
"LiteralValue": "Round Number",
"SchemaSource": 0
},
"Comment": "",
"Router": {
"$id": "180",
"SelectionStates": {
"$id": "181",
"$values": [
{
"$id": "182",
"Name": "Pass Through",
"Targets": {
"$id": "183",
"$values": []
}
}
]
}
},
"ExplicitlyDisabled": false
}
]
}
}
]
}
},
"ExplicitlyDisabled": false
}
]
}
}
]
}
},
"ExplicitlyDisabled": false
},
{
"$ref": "170"
},
{
"$ref": "177"
}
]
},
"Comment": ""
}
]
},
"Nodes": {
"$id": "184",
"$values": [
{
"$id": "185",
"$type": "Adapters.ScoreAdapters.UnOrganizedScoreFromJsonAdapter, Assembly-CSharp",
"MinRoundNumber": {
"$id": "186",
"GlobalParameterKey": "Round Number",
"SchemaSource": 3
},
"MaxRoundNumber": {
"$id": "187",
"GlobalParameterKey": "Round Number",
"SchemaSource": 3
},
"ScoresTarget": {
"$id": "188",
"AbsoluteKey": "Scores"
},
"GroupId": {
"$id": "189",
"LiteralValue": "",
"SchemaSource": 0
},
"DataIndexTarget": {
"$id": "190",
"AbsoluteKey": "Data Index"
},
"Comment": "",
"Router": {
"$id": "191",
"SelectionStates": {
"$id": "192",
"$values": [
{
"$id": "193",
"Name": "Default",
"Targets": {
"$id": "194",
"$values": [
{
"$id": "195",
"$type": "Mutation.Mutators.Regrouping.RegroupByDistinctIndexMutator, Assembly-CSharp",
"MetaScope": {
"$id": "196",
"AbsoluteKey": ""
},
"Scope": {
"$id": "197",
"AbsoluteKey": "Scores"
},
"Discriminant": {
"$id": "198",
"AbsoluteKey": "Scores.Challenge Set Id",
"SchemaSource": 1
},
"EntriesTarget": {
"$id": "199",
"AbsoluteKey": "CS IDs"
},
"Comment": "",
"Router": {
"$id": "200",
"SelectionStates": {
"$id": "201",
"$values": [
{
"$id": "202",
"Name": "Default",
"Targets": {
"$id": "203",
"$values": [
{
"$id": "204",
"$type": "Mutation.Mutators.RemoveDataMutator, Assembly-CSharp",
"DataToRemove": {
"$id": "205",
"AbsoluteKey": "Scores",
"SchemaSource": 1
},
"Comment": "",
"Router": {
"$id": "206",
"SelectionStates": {
"$id": "207",
"$values": [
{
"$id": "208",
"Name": "Default",
"Targets": {
"$id": "209",
"$values": [
{
"$id": "210",
"$type": "Mutation.Mutators.CopyOperations.ScopedCopyMutator, Assembly-CSharp",
"Scope": {
"$id": "211",
"AbsoluteKey": "CS IDs"
},
"CopyValue": {
"$id": "212",
"AbsoluteKey": "CS IDs.Entries.Challenge Set Id",
"SchemaSource": 1
},
"CopyTarget": {
"$id": "213",
"AbsoluteKey": "CS IDs.CS ID"
},
"Comment": "",
"Router": {
"$id": "214",
"SelectionStates": {
"$id": "215",
"$values": [
{
"$id": "216",
"Name": "Default",
"Targets": {
"$id": "217",
"$values": [
{
"$id": "218",
"$type": "Mutation.Mutators.InsertIndexMutator, Assembly-CSharp",
"IndexTarget": {
"$id": "219",
"AbsoluteKey": "CS IDs.Index"
},
"Comment": "",
"Router": {
"$id": "220",
"SelectionStates": {
"$id": "221",
"$values": [
{
"$id": "222",
"Name": "Default",
"Targets": {
"$id": "223",
"$values": [
{
"$id": "224",
"$type": "Mutation.Mutators.FormatStringMutator, Assembly-CSharp",
"FormatString": {
"$id": "225",
"LiteralValue": "CS ID: {0}",
"SchemaSource": 0
},
"PrimaryArgument": {
"$id": "226",
"AbsoluteKey": "CS IDs.CS ID",
"SchemaSource": 1
},
"SecondaryArgument": {
"$id": "227",
"LiteralValue": "",
"SchemaSource": 0
},
"TargetString": {
"$id": "228",
"AbsoluteKey": "CS IDs.Formatted String"
},
"Comment": "",
"Router": {
"$id": "229",
"SelectionStates": {
"$id": "230",
"$values": [
{
"$id": "231",
"Name": "Default",
"Targets": {
"$id": "232",
"$values": [
{
"$id": "233",
"$type": "Mutation.Mutators.Axes.ArrityTypeAxes.CastIntToFloat, Assembly-CSharp",
"AxisKey": {
"$id": "234",
"AbsoluteKey": "CS IDs.Index",
"SchemaSource": 1
},
"TargetField": {
"$id": "235",
"AbsoluteKey": "CS IDs.Index Float"
},
"Comment": "",
"Router": {
"$id": "236",
"SelectionStates": {
"$id": "237",
"$values": [
{
"$id": "238",
"Name": "Default",
"Targets": {
"$id": "239",
"$values": [
{
"$id": "240",
"$type": "Mutation.Mutators.SpatialMutators.InsertVector3Mutator, Assembly-CSharp",
"VectorScope": {
"$id": "241",
"AbsoluteKey": "CS IDs"
},
"XValue": {
"$id": "242",
"LiteralValue": 0.0,
"SchemaSource": 0
},
"YValue": {
"$id": "243",
"AbsoluteKey": "CS IDs.Index Float",
"SchemaSource": 1
},
"ZValue": {
"$id": "244",
"LiteralValue": 0.0,
"SchemaSource": 0
},
"Vector3Target": {
"$id": "245",
"AbsoluteKey": "CS IDs.Vector"
},
"Comment": "",
"Router": {
"$id": "246",
"SelectionStates": {
"$id": "247",
"$values": [
{
"$id": "248",
"Name": "Default",
"Targets": {
"$id": "249",
"$values": [
{
"$id": "250",
"$type": "Mutation.Mutators.EnumeratorIterator, Assembly-CSharp",
"EntryField": {
"$id": "251",
"AbsoluteKey": "CS IDs"
},
"Comment": "",
"Router": {
"$id": "252",
"SelectionStates": {
"$id": "253",
"$values": [
{
"$id": "254",
"Name": "Normal",
"Targets": {
"$id": "255",
"$values": []
}
},
{
"$id": "256",
"Name": "Selected",
"Targets": {
"$id": "257",
"$values": []
}
},
{
"$id": "258",
"Name": "None Selected",
"Targets": {
"$id": "259",
"$values": [
{
"$id": "260",
"$type": "Mutation.Mutators.BoundManipulationMutators.TransformBoundMutator, Assembly-CSharp",
"ScaleMultiplier": {
"$id": "261",
"LiteralValue": {
"x": 1.0,
"y": 1.0,
"z": 1.0
},
"SchemaSource": 0
},
"RotationMultiplier": {
"$id": "262",
"LiteralValue": {
"x": 0.0,
"y": 0.0,
"z": 0.0,
"w": 1.0
},
"SchemaSource": 0
},
"TranslationOffset": {
"$id": "263",
"AbsoluteKey": "Vector",
"SchemaSource": 1
},
"PostOperation": {
"$id": "264",
"LiteralValue": true,
"SchemaSource": 0
},
"LocalSpace": {
"$id": "265",
"LiteralValue": true,
"SchemaSource": 0
},
"Comment": "",
"Router": {
"$id": "266",
"SelectionStates": {
"$id": "267",
"$values": [
{
"$id": "268",
"Name": "Default",
"Targets": {
"$id": "269",
"$values": [
{
"$id": "270",
"$type": "Visualizers.LabelController.LabelController, Assembly-CSharp",
"LabelText": {
"$id": "271",
"AbsoluteKey": "Formatted String",
"SchemaSource": 1
},
"ShowBackground": {
"$id": "272",
"LiteralValue": true,
"SchemaSource": 0
},
"Orientation": {
"$id": "273",
"LiteralValue": 0,
"SchemaSource": 0
},
"FontSize": {
"$id": "274",
"LiteralValue": 64,
"SchemaSource": 0
},
"FontColor": {
"$id": "275",
"LiteralValue": {
"r": 0.0,
"g": 0.0,
"b": 0.0,
"a": 1.0
},
"SchemaSource": 0
},
"FontName": {
"$id": "276",
"LiteralValue": "altdin",
"SchemaSource": 0
},
"Justification": {
"$id": "277",
"LiteralValue": 0,
"SchemaSource": 0
},
"VerticalJustification": {
"$id": "278",
"LiteralValue": 0,
"SchemaSource": 0
},
"BackgroundPadding": {
"$id": "279",
"LiteralValue": 0.2,
"SchemaSource": 0
},
"BackgroundDepth": {
"$id": "280",
"LiteralValue": 1.0,
"SchemaSource": 0
},
"MinHeight": {
"$id": "281",
"LiteralValue": -1.0,
"SchemaSource": 0
},
"MaxHeight": {
"$id": "282",
"LiteralValue": -1.0,
"SchemaSource": 0
},
"CharactersPerLine": {
"$id": "283",
"LiteralValue": -1,
"SchemaSource": 0
},
"MaxLines": {
"$id": "284",
"LiteralValue": -1,
"SchemaSource": 0
},
"Comment": "",
"Router": {
"$id": "285",
"SelectionStates": {
"$id": "286",
"$values": [
{
"$id": "287",
"Name": "Default",
"Targets": {
"$id": "288",
"$values": []
}
},
{
"$id": "289",
"Name": "On Click",
"Targets": {
"$id": "290",
"$values": []
}
}
]
}
},
"ExplicitlyDisabled": false
}
]
}
}
]
}
},
"ExplicitlyDisabled": false
}
]
}
},
{
"$id": "291",
"Name": "Normal (Group)",
"Targets": {
"$id": "292",
"$values": []
}
},
{
"$id": "293",
"Name": "Selected (Group)",
"Targets": {
"$id": "294",
"$values": []
}
},
{
"$id": "295",
"Name": "None Selected (Group)",
"Targets": {
"$id": "296",
"$values": []
}
}
]
}
},
"ExplicitlyDisabled": false
}
]
}
}
]
}
},
"ExplicitlyDisabled": false
}
]
}
}
]
}
},
"ExplicitlyDisabled": false
}
]
}
}
]
}
},
"ExplicitlyDisabled": false
}
]
}
}
]
}
},
"ExplicitlyDisabled": false
}
]
}
}
]
}
},
"ExplicitlyDisabled": false
}
]
}
}
]
}
},
"ExplicitlyDisabled": false
}
]
}
}
]
}
},
"ExplicitlyDisabled": false
}
]
}
}
]
}
},
"ExplicitlyDisabled": false
},
{
"$ref": "195"
},
{
"$ref": "210"
},
{
"$ref": "224"
},
{
"$ref": "233"
},
{
"$ref": "204"
},
{
"$ref": "240"
},
{
"$ref": "250"
},
{
"$ref": "260"
},
{
"$ref": "270"
},
{
"$ref": "218"
}
]
},
"Comment": ""
}
},
"ChainViewModel": {
"$id": "297",
"RootGroupViewModel": {
"$id": "298",
"Group": {
"$ref": "3"
},
"Position": {
"x": 0.0,
"y": 0.0,
"z": 0.0
},
"RelativePath": "",
"NodeViewModels": {
"$id": "299",
"$values": [
{
"$id": "300",
"ChainNode": {
"$ref": "185"
},
"Position": {
"x": 200.0,
"y": -150.0,
"z": 0.0
},
"Expanded": true
},
{
"$id": "301",
"ChainNode": {
"$ref": "195"
},
"Position": {
"x": 550.0,
"y": -150.0,
"z": 0.0
},
"Expanded": true
},
{
"$id": "302",
"ChainNode": {
"$ref": "210"
},
"Position": {
"x": 900.0,
"y": -150.0,
"z": 0.0
},
"Expanded": true
},
{
"$id": "303",
"ChainNode": {
"$ref": "224"
},
"Position": {
"x": 1250.0,
"y": -150.0,
"z": 0.0
},
"Expanded": true
},
{
"$id": "304",
"ChainNode": {
"$ref": "233"
},
"Position": {
"x": 1250.0,
"y": -400.0,
"z": 0.0
},
"Expanded": true
},
{
"$id": "305",
"ChainNode": {
"$ref": "204"
},
"Position": {
"x": 550.0,
"y": -400.0,
"z": 0.0
},
"Expanded": true
},
{
"$id": "306",
"ChainNode": {
"$ref": "240"
},
"Position": {
"x": 1600.0,
"y": -150.0,
"z": 0.0
},
"Expanded": true
},
{
"$id": "307",
"ChainNode": {
"$ref": "250"
},
"Position": {
"x": 1650.0,
"y": -450.0,
"z": 0.0
},
"Expanded": true
},
{
"$id": "308",
"ChainNode": {
"$ref": "260"
},
"Position": {
"x": 2050.0,
"y": -200.0,
"z": 0.0
},
"Expanded": true
},
{
"$id": "309",
"ChainNode": {
"$ref": "270"
},
"Position": {
"x": 2050.0,
"y": -400.0,
"z": 0.0
},
"Expanded": true
},
{
"$id": "310",
"ChainNode": {
"$ref": "218"
},
"Position": {
"x": 900.0,
"y": -450.0,
"z": 0.0
},
"Expanded": true
}
]
},
"GroupViewModels": {
"$id": "311",
"$values": [
{
"$id": "312",
"Group": {
"$ref": "5"
},
"Position": {
"x": 94.0,
"y": -1662.0,
"z": 0.0
},
"RelativePath": "DiagnosticPackages/PovCSIDs.json",
"NodeViewModels": {
"$id": "313",
"$values": [
{
"$id": "314",
"ChainNode": {
"$ref": "8"
},
"Position": {
"x": 400.0,
"y": -250.0,
"z": 0.0
},
"Expanded": true
},
{
"$id": "315",
"ChainNode": {
"$ref": "15"
},
"Position": {
"x": 750.0,
"y": -250.0,
"z": 0.0
},
"Expanded": true
},
{
"$id": "316",
"ChainNode": {
"$ref": "35"
},
"Position": {
"x": 1150.0,
"y": -350.0,
"z": 0.0
},
"Expanded": true
},
{
"$id": "317",
"ChainNode": {
"$ref": "28"
},
"Position": {
"x": 1150.0,
"y": -150.0,
"z": 0.0
},
"Expanded": true
},
{
"$id": "318",
"ChainNode": {
"$ref": "43"
},
"Position": {
"x": 1500.0,
"y": -150.0,
"z": 0.0
},
"Expanded": true
},
{
"$id": "319",
"ChainNode": {
"$ref": "52"
},
"Position": {
"x": 1500.0,
"y": -400.0,
"z": 0.0
},
"Expanded": true
},
{
"$id": "320",
"ChainNode": {
"$ref": "58"
},
"Position": {
"x": 1850.0,
"y": -150.0,
"z": 0.0
},
"Expanded": true
},
{
"$id": "321",
"ChainNode": {
"$ref": "66"
},
"Position": {
"x": 1850.0,
"y": -400.0,
"z": 0.0
},
"Expanded": true
},
{
"$id": "322",
"ChainNode": {
"$ref": "83"
},
"Position": {
"x": 1850.0,
"y": -900.0,
"z": 0.0
},
"Expanded": true
},
{
"$id": "323",
"ChainNode": {
"$ref": "75"
},
"Position": {
"x": 1850.0,
"y": -650.0,
"z": 0.0
},
"Expanded": true
},
{
"$id": "324",
"ChainNode": {
"$ref": "90"
},
"Position": {
"x": 2200.0,
"y": -150.0,
"z": 0.0
},
"Expanded": true
},
{
"$id": "325",
"ChainNode": {
"$ref": "100"
},
"Position": {
"x": 2200.0,
"y": -450.0,
"z": 0.0
},
"Expanded": true
},
{
"$id": "326",
"ChainNode": {
"$ref": "110"
},
"Position": {
"x": 2550.0,
"y": -150.0,
"z": 0.0
},
"Expanded": true
},
{
"$id": "327",
"ChainNode": {
"$ref": "120"
},
"Position": {
"x": 2549.99976,
"y": -350.0,
"z": 0.0
},
"Expanded": true
},
{
"$id": "328",
"ChainNode": {
"$ref": "149"
},
"Position": {
"x": 50.0,
"y": -200.0,
"z": 0.0
},
"Expanded": true
}
]
},
"GroupViewModels": {
"$id": "329",
"$values": []
}
},
{
"$id": "330",
"Group": {
"$ref": "159"
},
"Position": {
"x": -319.999969,
"y": -1284.0,
"z": 0.0
},
"RelativePath": "",
"NodeViewModels": {
"$id": "331",
"$values": [
{
"$id": "332",
"ChainNode": {
"$ref": "162"
},
"Position": {
"x": 100.0,
"y": -100.0,
"z": 0.0
},
"Expanded": true
},
{
"$id": "333",
"ChainNode": {
"$ref": "170"
},
"Position": {
"x": 100.0,
"y": -300.0,
"z": 0.0
},
"Expanded": true
},
{
"$id": "334",
"ChainNode": {
"$ref": "177"
},
"Position": {
"x": 99.99997,
"y": -450.0,
"z": 0.0
},
"Expanded": true
}
]
},
"GroupViewModels": {
"$id": "335",
"$values": []
}
}
]
}
},
"NodeViewModels": null
},
"Choreography": {
"$id": "336",
"Timeline": {
"$id": "337",
"StartStep": {
"$id": "338",
"$type": "Choreography.Steps.Timeline.TimelineStartStep, Assembly-CSharp",
"Delay": 0.0,
"Note": "",
"Router": {
"$id": "339",
"Events": {
"$id": "340",
"$values": [
{
"$id": "341",
"Name": "Start",
"Targets": {
"$id": "342",
"$values": [
{
"$id": "343",
"$type": "Choreography.Steps.SplineCameraTransforms.MoveToPositionAndFacingStep, Assembly-CSharp",
"TargetPosition": {
"x": -1.28295243,
"y": 13.5034676,
"z": -3.50674224
},
"TargetFacing": {
"x": 0.166181162,
"y": -0.5406269,
"z": 0.824685633
},
"SplineType": 0,
"FocusType": 0,
"TimeCurve": "Linear",
"Duration": 0.001,
"Delay": 0.0,
"Note": "",
"Router": {
"$id": "344",
"Events": {
"$id": "345",
"$values": [
{
"$id": "346",
"Name": "EndMovement",
"Targets": {
"$id": "347",
"$values": [
{
"$id": "348",
"$type": "Choreography.Steps.Recording.StartRecordingStep, Assembly-CSharp",
"Delay": 0.0,
"Note": "",
"Router": {
"$id": "349",
"Events": {
"$id": "350",
"$values": [
{
"$id": "351",
"Name": "End",
"Targets": {
"$id": "352",
"$values": [
{
"$id": "353",
"$type": "Choreography.Steps.CommandLineSteps.IfCommandLineExistsStep, Assembly-CSharp",
"ArgumentName": "TeamFocusIndex",
"Delay": 0.0,
"Note": "",
"Router": {
"$id": "354",
"Events": {
"$id": "355",
"$values": [
{
"$id": "356",
"Name": "If",
"Targets": {
"$id": "357",
"$values": [
{
"$id": "358",
"$type": "Choreography.Steps.BoundsProviderSteps.BoundsFromPayloadExpressionStep, Assembly-CSharp",
"BoundsProviderKey": "FocusTeamBounds",
"Expression": {
"$id": "359",
"CriteriaGroups": {
"$id": "360",
"$values": [
{
"$id": "361",
"Criteria": {
"$id": "362",
"$values": [
{
"$id": "363",
"$type": "PayloadSelection.CriterionStatements.IntEqualToCriterionStatement, Assembly-CSharp",
"Operand1": {
"$id": "364",
"AbsoluteKey": "Team Index",
"SchemaSource": 1
},
"Operand2": {
"$id": "365",
"GlobalParameterKey": "TeamFocusIndex",
"SchemaSource": 3
}
}
]
},
"Conjunction": 0
}
]
}
},
"Delay": 0.0,
"Note": "",
"Router": {
"$id": "366",
"Events": {
"$id": "367",
"$values": [
{
"$id": "368",
"Name": "Complete",
"Targets": {
"$id": "369",
"$values": [
{
"$id": "370",
"$type": "Choreography.Steps.BoundsProviderSteps.BoundsToChildBoundStep, Assembly-CSharp",
"BoundsProviderKey": "CenterOfTeam",
"BoundsToFocus": {
"$ref": "358"
},
"BoundChildingType": 0,
"Delay": 0.0,
"Note": "",
"Router": {
"$id": "371",
"Events": {
"$id": "372",
"$values": [
{
"$id": "373",
"Name": "Complete",
"Targets": {
"$id": "374",
"$values": [
{
"$id": "375",
"$type": "Choreography.Steps.SplineCameraTransforms.LookAtBoundsRelatedPositionStep, Assembly-CSharp",
"BoundsProvider": {
"$ref": "370"
},
"TargetOffset": {
"x": 0.0,
"y": 0.0,
"z": 0.0
},
"SplineType": 0,
"FocusType": 1,
"Duration": 3.0,
"TimeCurve": "EaseBoth",
"Delay": 0.0,
"Note": "",
"Router": {
"$id": "376",
"Events": {
"$id": "377",
"$values": [
{
"$id": "378",
"Name": "EndLook",
"Targets": {
"$id": "379",
"$values": []
}
}
]
}
},
"NameOverride": null
},
{
"$id": "380",
"$type": "Choreography.Steps.SplineCameraTransforms.MoveToBoundsRelatedPositionStep, Assembly-CSharp",
"BoundsProvider": {
"$ref": "370"
},
"TargetOffset": {
"x": 0.610111237,
"y": 387.662781,
"z": -806.508667
},
"SplineType": 0,
"FocusType": 0,
"TimeCurve": "Linear",
"Duration": 3.0,
"Delay": 0.0,
"Note": "",
"Router": {
"$id": "381",
"Events": {
"$id": "382",
"$values": [
{
"$id": "383",
"Name": "EndMovement",
"Targets": {
"$id": "384",
"$values": []
}
}
]
}
},
"NameOverride": null
},
{
"$id": "385",
"$type": "Choreography.Steps.Recording.StopRecordingStep, Assembly-CSharp",
"Delay": 15.0,
"Note": "",
"Router": {
"$id": "386",
"Events": {
"$id": "387",
"$values": [
{
"$id": "388",
"Name": "End",
"Targets": {
"$id": "389",
"$values": []
}
}
]
}
},
"NameOverride": null
}
]
}
}
]
}
},
"NameOverride": null
}
]
}
}
]
}
},
"NameOverride": null
}
]
}
},
{
"$id": "390",
"Name": "Else",
"Targets": {
"$id": "391",
"$values": [
{
"$id": "392",
"$type": "Choreography.Steps.SplineCameraTransforms.MoveToPositionAndFacingStep, Assembly-CSharp",
"TargetPosition": {
"x": -6.20220137,
"y": 10.8866129,
"z": 7.37594938
},
"TargetFacing": {
"x": 0.340357423,
"y": -0.403966874,
"z": 0.849098146
},
"SplineType": 0,
"FocusType": 0,
"TimeCurve": "Linear",
"Duration": 12.0,
"Delay": 1.5,
"Note": "",
"Router": {
"$id": "393",
"Events": {
"$id": "394",
"$values": [
{
"$id": "395",
"Name": "EndMovement",
"Targets": {
"$id": "396",
"$values": [
{
"$id": "397",
"$type": "Choreography.Steps.SplineCameraTransforms.MoveToPositionAndFacingStep, Assembly-CSharp",
"TargetPosition": {
"x": -16.4467335,
"y": 8.141037,
"z": 14.2294321
},
"TargetFacing": {
"x": 0.734465063,
"y": -0.3685531,
"z": 0.5698506
},
"SplineType": 0,
"FocusType": 0,
"TimeCurve": "Linear",
"Duration": 12.0,
"Delay": 0.0,
"Note": "",
"Router": {
"$id": "398",
"Events": {
"$id": "399",
"$values": [
{
"$id": "400",
"Name": "EndMovement",
"Targets": {
"$id": "401",
"$values": [
{
"$id": "402",
"$type": "Choreography.Steps.SplineCameraTransforms.MoveToPositionAndFacingStep, Assembly-CSharp",
"TargetPosition": {
"x": -0.9142935,
"y": 12.7258177,
"z": 4.79081
},
"TargetFacing": {
"x": 0.173366591,
"y": -0.4419249,
"z": 0.88014
},
"SplineType": 0,
"FocusType": 0,
"TimeCurve": "Linear",
"Duration": 12.0,
"Delay": 0.0,
"Note": "",
"Router": {
"$id": "403",
"Events": {
"$id": "404",
"$values": [
{
"$id": "405",
"Name": "EndMovement",
"Targets": {
"$id": "406",
"$values": [
{
"$id": "407",
"$type": "Choreography.Steps.Recording.StopRecordingStep, Assembly-CSharp",
"Delay": 2.0,
"Note": "",
"Router": {
"$id": "408",
"Events": {
"$id": "409",
"$values": [
{
"$id": "410",
"Name": "End",
"Targets": {
"$id": "411",
"$values": []
}
}
]
}
},
"NameOverride": null
}
]
}
}
]
}
},
"NameOverride": null
}
]
}
}
]
}
},
"NameOverride": null
}
]
}
}
]
}
},
"NameOverride": null
}
]
}
}
]
}
},
"NameOverride": null
}
]
}
}
]
}
},
"NameOverride": null
}
]
}
}
]
}
},
"NameOverride": null
},
{
"$id": "412",
"$type": "Choreography.Steps.UnWaitStep, Assembly-CSharp",
"GroupId": "PovWait",
"Delay": 2.0,
"Note": "Begin POVs",
"Router": {
"$id": "413",
"Events": {
"$id": "414",
"$values": [
{
"$id": "415",
"Name": "Unwait",
"Targets": {
"$id": "416",
"$values": []
}
}
]
}
},
"NameOverride": null
}
]
}
}
]
}
},
"NameOverride": null
}
}
}
}