{
"$id": "1",
"Chain": {
"$id": "2",
"RootGroup": {
"$id": "3",
"Groups": {
"$id": "4",
"$values": []
},
"Nodes": {
"$id": "5",
"$values": [
{
"$id": "6",
"$type": "Adapters.TraceAdapters.ExecutionAdapter, Assembly-CSharp",
"RequestId": {
"$id": "7",
"LiteralValue": 514,
"SchemaSource": 0
},
"RequestNature": {
"$id": "8",
"LiteralValue": 1,
"SchemaSource": 0
},
"BinaryIdNumber": {
"$id": "9",
"LiteralValue": 2,
"SchemaSource": 0
},
"IncludeMemtrace": {
"$id": "10",
"LiteralValue": true,
"SchemaSource": 0
},
"AllowCachedResults": {
"$id": "11",
"LiteralValue": false,
"SchemaSource": 0
},
"ExecutionTarget": {
"$id": "12",
"AbsoluteKey": "Execution"
},
"SpoofExecution": {
"$id": "13",
"LiteralValue": false,
"SchemaSource": 0
},
"Comment": "",
"Router": {
"$id": "14",
"SelectionStates": {
"$id": "15",
"$values": [
{
"$id": "16",
"Name": "Default",
"Targets": {
"$id": "17",
"$values": [
{
"$id": "18",
"$type": "GroupSplitters.HasAnnotationsGroupSplitter, Assembly-CSharp",
"Scope": {
"$id": "19",
"AbsoluteKey": ""
},
"EntryField": {
"$id": "20",
"AbsoluteKey": "Execution.Traces.Instructions"
},
"ContainsAnnotationField": {
"$id": "21",
"AbsoluteKey": "Execution.Traces.Instructions.Annotated",
"SchemaSource": 1
},
"NewPayloadOnly": {
"$id": "22",
"LiteralValue": true,
"SchemaSource": 0
},
"SelectedListTarget": {
"$id": "23",
"AbsoluteKey": "Entries"
},
"UnSelectedListTarget": {
"$id": "24",
"AbsoluteKey": "Unselected Entries"
},
"AllowEmptyLists": {
"$id": "25",
"LiteralValue": false,
"SchemaSource": 0
},
"Comment": "",
"Router": {
"$id": "26",
"SelectionStates": {
"$id": "27",
"$values": [
{
"$id": "28",
"Name": "Annotated",
"Targets": {
"$id": "29",
"$values": [
{
"$id": "30",
"$type": "Mutation.Mutators.InsertIndexMutator, Assembly-CSharp",
"IndexTarget": {
"$id": "31",
"AbsoluteKey": "Entries.Index"
},
"Comment": "",
"Router": {
"$id": "32",
"SelectionStates": {
"$id": "33",
"$values": [
{
"$id": "34",
"Name": "Default",
"Targets": {
"$id": "35",
"$values": [
{
"$id": "36",
"$type": "Mutation.Mutators.Axes.ArrityTypeAxes.CastIntToFloat, Assembly-CSharp",
"AxisKey": {
"$id": "37",
"AbsoluteKey": "Entries.Index",
"SchemaSource": 1
},
"TargetField": {
"$id": "38",
"AbsoluteKey": "Entries.New Key"
},
"Comment": "",
"Router": {
"$id": "39",
"SelectionStates": {
"$id": "40",
"$values": [
{
"$id": "41",
"Name": "Default",
"Targets": {
"$id": "42",
"$values": [
{
"$id": "43",
"$type": "Mutation.Mutators.SpatialMutators.InsertVector3Mutator, Assembly-CSharp",
"VectorScope": {
"$id": "44",
"AbsoluteKey": "Entries"
},
"XValue": {
"$id": "45",
"LiteralValue": 0.0,
"SchemaSource": 0
},
"YValue": {
"$id": "46",
"AbsoluteKey": "Entries.New Key",
"SchemaSource": 1
},
"ZValue": {
"$id": "47",
"LiteralValue": 0.0,
"SchemaSource": 0
},
"Vector3Target": {
"$id": "48",
"AbsoluteKey": "Entries.Vector"
},
"Comment": "",
"Router": {
"$id": "49",
"SelectionStates": {
"$id": "50",
"$values": [
{
"$id": "51",
"Name": "Default",
"Targets": {
"$id": "52",
"$values": [
{
"$id": "53",
"$type": "Mutation.Mutators.FormatStringMutator, Assembly-CSharp",
"FormatString": {
"$id": "54",
"LiteralValue": "Annotation type: {0}, Text: \"{1}\"",
"SchemaSource": 0
},
"PrimaryArgument": {
"$id": "55",
"AbsoluteKey": "Entries.Annotation Event Type",
"SchemaSource": 1
},
"SecondaryArgument": {
"$id": "56",
"AbsoluteKey": "Entries.Annotation Text",
"SchemaSource": 1
},
"TargetString": {
"$id": "57",
"AbsoluteKey": "Entries.Formatted String"
},
"Comment": "",
"Router": {
"$id": "58",
"SelectionStates": {
"$id": "59",
"$values": [
{
"$id": "60",
"Name": "Default",
"Targets": {
"$id": "61",
"$values": [
{
"$id": "62",
"$type": "Mutation.Mutators.EnumeratorIterator, Assembly-CSharp",
"EntryField": {
"$id": "63",
"AbsoluteKey": "Entries"
},
"Comment": "",
"Router": {
"$id": "64",
"SelectionStates": {
"$id": "65",
"$values": [
{
"$id": "66",
"Name": "Normal",
"Targets": {
"$id": "67",
"$values": []
}
},
{
"$id": "68",
"Name": "Selected",
"Targets": {
"$id": "69",
"$values": []
}
},
{
"$id": "70",
"Name": "None Selected",
"Targets": {
"$id": "71",
"$values": [
{
"$id": "72",
"$type": "Mutation.Mutators.BoundManipulationMutators.TransformBoundMutator, Assembly-CSharp",
"ScaleMultiplier": {
"$id": "73",
"LiteralValue": {
"x": 1.0,
"y": 1.0,
"z": 1.0
},
"SchemaSource": 0
},
"RotationMultiplier": {
"$id": "74",
"LiteralValue": {
"x": 0.0,
"y": 0.0,
"z": 0.0,
"w": 1.0
},
"SchemaSource": 0
},
"TranslationOffset": {
"$id": "75",
"AbsoluteKey": "Vector",
"SchemaSource": 1
},
"PostOperation": {
"$id": "76",
"LiteralValue": true,
"SchemaSource": 0
},
"LocalSpace": {
"$id": "77",
"LiteralValue": true,
"SchemaSource": 0
},
"Comment": "",
"Router": {
"$id": "78",
"SelectionStates": {
"$id": "79",
"$values": [
{
"$id": "80",
"Name": "Default",
"Targets": {
"$id": "81",
"$values": [
{
"$id": "82",
"$type": "Visualizers.LabelController.LabelController, Assembly-CSharp",
"LabelText": {
"$id": "83",
"AbsoluteKey": "Formatted String",
"SchemaSource": 1
},
"ShowBackground": {
"$id": "84",
"LiteralValue": true,
"SchemaSource": 0
},
"Orientation": {
"$id": "85",
"LiteralValue": 0,
"SchemaSource": 0
},
"FontSize": {
"$id": "86",
"LiteralValue": 64,
"SchemaSource": 0
},
"FontColor": {
"$id": "87",
"LiteralValue": {
"r": 0.0,
"g": 0.0,
"b": 0.0,
"a": 1.0
},
"SchemaSource": 0
},
"FontName": {
"$id": "88",
"LiteralValue": "altdin",
"SchemaSource": 0
},
"Justification": {
"$id": "89",
"LiteralValue": 0,
"SchemaSource": 0
},
"VerticalJustification": {
"$id": "90",
"LiteralValue": 0,
"SchemaSource": 0
},
"BackgroundPadding": {
"$id": "91",
"LiteralValue": 0.2,
"SchemaSource": 0
},
"BackgroundDepth": {
"$id": "92",
"LiteralValue": 1.0,
"SchemaSource": 0
},
"MinHeight": {
"$id": "93",
"LiteralValue": -1.0,
"SchemaSource": 0
},
"MaxHeight": {
"$id": "94",
"LiteralValue": -1.0,
"SchemaSource": 0
},
"CharactersPerLine": {
"$id": "95",
"LiteralValue": -1,
"SchemaSource": 0
},
"MaxLines": {
"$id": "96",
"LiteralValue": -1,
"SchemaSource": 0
},
"Comment": "",
"Router": {
"$id": "97",
"SelectionStates": {
"$id": "98",
"$values": [
{
"$id": "99",
"Name": "Default",
"Targets": {
"$id": "100",
"$values": []
}
},
{
"$id": "101",
"Name": "On Click",
"Targets": {
"$id": "102",
"$values": []
}
}
]
}
},
"ExplicitlyDisabled": false
}
]
}
}
]
}
},
"ExplicitlyDisabled": false
}
]
}
},
{
"$id": "103",
"Name": "Normal (Group)",
"Targets": {
"$id": "104",
"$values": []
}
},
{
"$id": "105",
"Name": "Selected (Group)",
"Targets": {
"$id": "106",
"$values": []
}
},
{
"$id": "107",
"Name": "None Selected (Group)",
"Targets": {
"$id": "108",
"$values": []
}
}
]
}
},
"ExplicitlyDisabled": false
},
{
"$id": "109",
"$type": "GroupSplitters.StringMatchSplitter, Assembly-CSharp",
"Scope": {
"$id": "110",
"AbsoluteKey": ""
},
"EntryField": {
"$id": "111",
"AbsoluteKey": "Entries"
},
"StringProperty": {
"$id": "112",
"AbsoluteKey": "Entries.Annotation Event Type",
"SchemaSource": 1
},
"StringArgument": {
"$id": "113",
"LiteralValue": "allocate",
"SchemaSource": 0
},
"NewPayloadOnly": {
"$id": "114",
"LiteralValue": true,
"SchemaSource": 0
},
"SelectedListTarget": {
"$id": "115",
"AbsoluteKey": "Entries"
},
"UnSelectedListTarget": {
"$id": "116",
"AbsoluteKey": "Unselected Entries"
},
"AllowEmptyLists": {
"$id": "117",
"LiteralValue": false,
"SchemaSource": 0
},
"Comment": "",
"Router": {
"$id": "118",
"SelectionStates": {
"$id": "119",
"$values": [
{
"$id": "120",
"Name": "Selected",
"Targets": {
"$id": "121",
"$values": [
{
"$id": "122",
"$type": "Mutation.Mutators.MemorySpaceManagement.AllocateAnnotationToAddress, Assembly-CSharp",
"AnnotationText": {
"$id": "123",
"AbsoluteKey": "Entries.Annotation Text",
"SchemaSource": 1
},
"AddressTarget": {
"$id": "124",
"AbsoluteKey": "Entries.Alloc Address"
},
"SizeTarget": {
"$id": "125",
"AbsoluteKey": "Entries.Alloc Size"
},
"Comment": "",
"Router": {
"$id": "126",
"SelectionStates": {
"$id": "127",
"$values": [
{
"$id": "128",
"Name": "Default",
"Targets": {
"$id": "129",
"$values": [
{
"$id": "130",
"$type": "Mutation.Mutators.FormatStringMutator, Assembly-CSharp",
"FormatString": {
"$id": "131",
"LiteralValue": "... allocating {0} bytes to uint address {1}",
"SchemaSource": 0
},
"PrimaryArgument": {
"$id": "132",
"AbsoluteKey": "Entries.Alloc Size",
"SchemaSource": 1
},
"SecondaryArgument": {
"$id": "133",
"AbsoluteKey": "Entries.Alloc Address",
"SchemaSource": 1
},
"TargetString": {
"$id": "134",
"AbsoluteKey": "Entries.Formatted String 2"
},
"Comment": "",
"Router": {
"$id": "135",
"SelectionStates": {
"$id": "136",
"$values": [
{
"$id": "137",
"Name": "Default",
"Targets": {
"$id": "138",
"$values": [
{
"$id": "139",
"$type": "Mutation.Mutators.ArithmeticOperators.Vector3BinaryOperationsMutator, Assembly-CSharp",
"PrimaryOperand": {
"$id": "140",
"AbsoluteKey": "Entries.Vector",
"SchemaSource": 1
},
"Operation": {
"$id": "141",
"LiteralValue": "Add",
"SchemaSource": 0
},
"SecondaryOperand": {
"$id": "142",
"LiteralValue": {
"x": 14.0,
"y": 0.0,
"z": 0.0
},
"SchemaSource": 0
},
"OutputValue": {
"$id": "143",
"AbsoluteKey": "Entries.Output Target"
},
"Comment": "",
"Router": {
"$id": "144",
"SelectionStates": {
"$id": "145",
"$values": [
{
"$id": "146",
"Name": "Default",
"Targets": {
"$id": "147",
"$values": [
{
"$id": "148",
"$type": "Mutation.Mutators.Axes.ArrityTypeAxes.ParseUIntToHexString, Assembly-CSharp",
"AxisKey": {
"$id": "149",
"AbsoluteKey": "Entries.Alloc Address",
"SchemaSource": 1
},
"TargetField": {
"$id": "150",
"AbsoluteKey": "Entries.HexAddress"
},
"Comment": "",
"Router": {
"$id": "151",
"SelectionStates": {
"$id": "152",
"$values": [
{
"$id": "153",
"Name": "Default",
"Targets": {
"$id": "154",
"$values": [
{
"$id": "155",
"$type": "Mutation.Mutators.FormatStringMutator, Assembly-CSharp",
"FormatString": {
"$id": "156",
"LiteralValue": "{0} or hex {1}",
"SchemaSource": 0
},
"PrimaryArgument": {
"$id": "157",
"AbsoluteKey": "Entries.Formatted String 2",
"SchemaSource": 1
},
"SecondaryArgument": {
"$id": "158",
"AbsoluteKey": "Entries.HexAddress",
"SchemaSource": 1
},
"TargetString": {
"$id": "159",
"AbsoluteKey": "Entries.Formatted String 2"
},
"Comment": "",
"Router": {
"$id": "160",
"SelectionStates": {
"$id": "161",
"$values": [
{
"$id": "162",
"Name": "Default",
"Targets": {
"$id": "163",
"$values": [
{
"$id": "164",
"$type": "Mutation.Mutators.EnumeratorIterator, Assembly-CSharp",
"EntryField": {
"$id": "165",
"AbsoluteKey": ""
},
"Comment": "",
"Router": {
"$id": "166",
"SelectionStates": {
"$id": "167",
"$values": [
{
"$id": "168",
"Name": "Normal",
"Targets": {
"$id": "169",
"$values": []
}
},
{
"$id": "170",
"Name": "Selected",
"Targets": {
"$id": "171",
"$values": []
}
},
{
"$id": "172",
"Name": "None Selected",
"Targets": {
"$id": "173",
"$values": [
{
"$id": "174",
"$type": "Mutation.Mutators.BoundManipulationMutators.TransformBoundMutator, Assembly-CSharp",
"ScaleMultiplier": {
"$id": "175",
"LiteralValue": {
"x": 1.0,
"y": 1.0,
"z": 1.0
},
"SchemaSource": 0
},
"RotationMultiplier": {
"$id": "176",
"LiteralValue": {
"x": 0.0,
"y": 0.0,
"z": 0.0,
"w": 1.0
},
"SchemaSource": 0
},
"TranslationOffset": {
"$id": "177",
"AbsoluteKey": "Entries.Output Target",
"SchemaSource": 1
},
"PostOperation": {
"$id": "178",
"LiteralValue": true,
"SchemaSource": 0
},
"LocalSpace": {
"$id": "179",
"LiteralValue": true,
"SchemaSource": 0
},
"Comment": "",
"Router": {
"$id": "180",
"SelectionStates": {
"$id": "181",
"$values": [
{
"$id": "182",
"Name": "Default",
"Targets": {
"$id": "183",
"$values": [
{
"$id": "184",
"$type": "Visualizers.LabelController.LabelController, Assembly-CSharp",
"LabelText": {
"$id": "185",
"AbsoluteKey": "Entries.Formatted String 2",
"SchemaSource": 1
},
"ShowBackground": {
"$id": "186",
"LiteralValue": true,
"SchemaSource": 0
},
"Orientation": {
"$id": "187",
"LiteralValue": 0,
"SchemaSource": 0
},
"FontSize": {
"$id": "188",
"LiteralValue": 64,
"SchemaSource": 0
},
"FontColor": {
"$id": "189",
"LiteralValue": {
"r": 1.0,
"g": 0.0,
"b": 0.0,
"a": 1.0
},
"SchemaSource": 0
},
"FontName": {
"$id": "190",
"LiteralValue": "altdin",
"SchemaSource": 0
},
"Justification": {
"$id": "191",
"LiteralValue": 0,
"SchemaSource": 0
},
"VerticalJustification": {
"$id": "192",
"LiteralValue": 0,
"SchemaSource": 0
},
"BackgroundPadding": {
"$id": "193",
"LiteralValue": 0.2,
"SchemaSource": 0
},
"BackgroundDepth": {
"$id": "194",
"LiteralValue": 1.0,
"SchemaSource": 0
},
"MinHeight": {
"$id": "195",
"LiteralValue": -1.0,
"SchemaSource": 0
},
"MaxHeight": {
"$id": "196",
"LiteralValue": -1.0,
"SchemaSource": 0
},
"CharactersPerLine": {
"$id": "197",
"LiteralValue": -1,
"SchemaSource": 0
},
"MaxLines": {
"$id": "198",
"LiteralValue": -1,
"SchemaSource": 0
},
"Comment": "",
"Router": {
"$id": "199",
"SelectionStates": {
"$id": "200",
"$values": [
{
"$id": "201",
"Name": "Default",
"Targets": {
"$id": "202",
"$values": []
}
},
{
"$id": "203",
"Name": "On Click",
"Targets": {
"$id": "204",
"$values": []
}
}
]
}
},
"ExplicitlyDisabled": false
}
]
}
}
]
}
},
"ExplicitlyDisabled": false
}
]
}
},
{
"$id": "205",
"Name": "Normal (Group)",
"Targets": {
"$id": "206",
"$values": []
}
},
{
"$id": "207",
"Name": "Selected (Group)",
"Targets": {
"$id": "208",
"$values": []
}
},
{
"$id": "209",
"Name": "None Selected (Group)",
"Targets": {
"$id": "210",
"$values": []
}
}
]
}
},
"ExplicitlyDisabled": false
}
]
}
}
]
}
},
"ExplicitlyDisabled": false
}
]
}
}
]
}
},
"ExplicitlyDisabled": false
}
]
}
}
]
}
},
"ExplicitlyDisabled": false
}
]
}
}
]
}
},
"ExplicitlyDisabled": false
}
]
}
}
]
}
},
"ExplicitlyDisabled": false
}
]
}
},
{
"$id": "211",
"Name": "Unselected",
"Targets": {
"$id": "212",
"$values": []
}
}
]
}
},
"ExplicitlyDisabled": false
}
]
}
}
]
}
},
"ExplicitlyDisabled": false
}
]
}
}
]
}
},
"ExplicitlyDisabled": false
}
]
}
}
]
}
},
"ExplicitlyDisabled": false
}
]
}
}
]
}
},
"ExplicitlyDisabled": false
}
]
}
},
{
"$id": "213",
"Name": "Not Annotated",
"Targets": {
"$id": "214",
"$values": []
}
}
]
}
},
"ExplicitlyDisabled": false
}
]
}
}
]
}
},
"ExplicitlyDisabled": false
},
{
"$ref": "18"
},
{
"$ref": "30"
},
{
"$ref": "36"
},
{
"$ref": "43"
},
{
"$ref": "62"
},
{
"$ref": "53"
},
{
"$ref": "72"
},
{
"$ref": "82"
},
{
"$ref": "109"
},
{
"$ref": "122"
},
{
"$ref": "130"
},
{
"$ref": "184"
},
{
"$ref": "164"
},
{
"$ref": "139"
},
{
"$ref": "174"
},
{
"$ref": "148"
},
{
"$ref": "155"
}
]
},
"Comment": ""
}
},
"ChainViewModel": {
"$id": "215",
"RootGroupViewModel": {
"$id": "216",
"Group": {
"$ref": "3"
},
"Position": {
"x": 0.0,
"y": 0.0,
"z": 0.0
},
"RelativePath": "",
"NodeViewModels": {
"$id": "217",
"$values": [
{
"$id": "218",
"ChainNode": {
"$ref": "6"
},
"Position": {
"x": 100.0,
"y": -100.0,
"z": 0.0
},
"Expanded": true
},
{
"$id": "219",
"ChainNode": {
"$ref": "18"
},
"Position": {
"x": 450.0,
"y": -100.0,
"z": 0.0
},
"Expanded": true
},
{
"$id": "220",
"ChainNode": {
"$ref": "30"
},
"Position": {
"x": 800.0,
"y": -100.0,
"z": 0.0
},
"Expanded": true
},
{
"$id": "221",
"ChainNode": {
"$ref": "36"
},
"Position": {
"x": 800.0,
"y": -250.0,
"z": 0.0
},
"Expanded": true
},
{
"$id": "222",
"ChainNode": {
"$ref": "43"
},
"Position": {
"x": 800.0,
"y": -450.0,
"z": 0.0
},
"Expanded": true
},
{
"$id": "223",
"ChainNode": {
"$ref": "62"
},
"Position": {
"x": 1150.0,
"y": -100.0,
"z": 0.0
},
"Expanded": true
},
{
"$id": "224",
"ChainNode": {
"$ref": "53"
},
"Position": {
"x": 800.0,
"y": -800.0,
"z": 0.0
},
"Expanded": true
},
{
"$id": "225",
"ChainNode": {
"$ref": "72"
},
"Position": {
"x": 1150.0,
"y": -350.0,
"z": 0.0
},
"Expanded": true
},
{
"$id": "226",
"ChainNode": {
"$ref": "82"
},
"Position": {
"x": 1150.0,
"y": -550.0,
"z": 0.0
},
"Expanded": true
},
{
"$id": "227",
"ChainNode": {
"$ref": "109"
},
"Position": {
"x": 1600.00012,
"y": -100.0,
"z": 0.0
},
"Expanded": true
},
{
"$id": "228",
"ChainNode": {
"$ref": "122"
},
"Position": {
"x": 1600.0,
"y": -450.0,
"z": 0.0
},
"Expanded": true
},
{
"$id": "229",
"ChainNode": {
"$ref": "130"
},
"Position": {
"x": 1600.00024,
"y": -700.0,
"z": 0.0
},
"Expanded": true
},
{
"$id": "230",
"ChainNode": {
"$ref": "184"
},
"Position": {
"x": 2050.0,
"y": -600.0,
"z": 0.0
},
"Expanded": true
},
{
"$id": "231",
"ChainNode": {
"$ref": "164"
},
"Position": {
"x": 2050.0,
"y": -100.0,
"z": 0.0
},
"Expanded": true
},
{
"$id": "232",
"ChainNode": {
"$ref": "139"
},
"Position": {
"x": 1600.0,
"y": -1000.0,
"z": 0.0
},
"Expanded": true
},
{
"$id": "233",
"ChainNode": {
"$ref": "174"
},
"Position": {
"x": 2050.0,
"y": -350.0,
"z": 0.0
},
"Expanded": true
},
{
"$id": "234",
"ChainNode": {
"$ref": "148"
},
"Position": {
"x": 1600.0,
"y": -1250.0,
"z": 0.0
},
"Expanded": true
},
{
"$id": "235",
"ChainNode": {
"$ref": "155"
},
"Position": {
"x": 1600.0,
"y": -1450.0,
"z": 0.0
},
"Expanded": true
}
]
},
"GroupViewModels": {
"$id": "236",
"$values": []
}
},
"NodeViewModels": null
},
"Choreography": {
"$id": "237",
"Timeline": {
"$id": "238",
"StartStep": {
"$id": "239",
"$type": "Choreography.Steps.Timeline.TimelineStartStep, Assembly-CSharp",
"Delay": 0.0,
"Note": "",
"Router": {
"$id": "240",
"Events": {
"$id": "241",
"$values": [
{
"$id": "242",
"Name": "Start",
"Targets": {
"$id": "243",
"$values": []
}
}
]
}
},
"NameOverride": null
}
}
}
}